tweetRetweetCt,Polarity
4084,0
2907,0
2,0
462,0
8,0
696,0
16330,0
1034,0
82,-1
0,0
186,0
33,1
77,0
6,0
229,0
229,0
55,0
3,-1
2,0
212,0
0,1
0,0
0,-1
2750,0
13188,0
2,0
186,0
11,0
31,0
38,1
1034,0
257,0
589,1
2751,0
9522,0
231,0
0,-1
50,0
1,0
849,1
65614,0
142,0
65614,0
13,0
6085,1
0,1
9020,1
218,0
1034,0
690,0
0,0
66,1
219,0
218,0
2944,1
62,0
58,0
17,0
31,0
17,1
690,0
0,-1
1,0
589,1
13,-1
0,1
462,0
25,-1
203,-1
58,0
13188,0
81,1
17,0
186288,1
0,1
0,1
186,0
24,1
6927,-1
0,0
298,0
186288,1
0,1
1307,0
2751,0
192,0
0,-1
31,0
7,1
0,1
6927,-1
849,1
0,-1
11893,0
0,1
52,-1
3569,0
743,1
1186,0
2751,0
0,0
0,1
1,0
0,0
0,0
203,-1
462,0
36,0
0,0
16330,0
0,0
108,1
10,0
99,1
867,0
341,0
2907,0
2751,0
229,0
358,-1
181,-1
2841,0
142,0
2907,0
163,-1
1034,0
8218,0
3,0
8,0
17,-1
203,-1
96,1
8218,0
5,0
207,0
968,1
134,0
0,0
2751,0
314,0
231,0
1,0
2907,0
40,0
302,-1
2,1
157,1
65615,0
4,0
2907,0
1034,0
381,1
2751,0
6927,-1
203,-1
24,1
158,-1
2907,0
0,0
24,0
55,1
0,1
2751,0
218,0
167,1
0,0
2907,0
0,-1
58,0
472,0
55,1
2,-1
2751,0
4084,0
2751,0
0,-1
0,0
1711,1
1,0
218,0
1,1
189,0
462,0
229,0
0,1
5,1
2907,0
286,0
40,0
0,1
5,0
40,0
1034,0
2751,0
176,-1
171,0
2,-1
0,0
17,0
696,0
140,0
7,0
4084,0
471,1
203,-1
1,1
849,1
118,0
9465,0
867,0
8218,0
57,0
0,1
2907,0
118,0
232,0
17,0
6,-1
9020,1
0,0
33,1
138,1
6,-1
0,-1
2751,0
257,0
0,1
51,0
317,0
17,0
0,0
55,1
1,-1
1,0
6928,-1
6928,-1
52,-1
849,1
8218,0
94,1
0,1
108,1
6,-1
142,0
388,0
0,1
33,1
0,1
24,0
0,0
10,0
0,-1
5,0
781,0
0,0
3,1
218,0
176,-1
0,0
0,-1
203,-1
8218,0
7,-1
0,0
29,0
4,0
17,0
0,0
0,0
10,-1
0,0
8218,0
0,1
10,1
0,-1
65615,0
2,0
0,0
0,1
0,1
65615,0
65615,0
131,-1
145,-1
0,0
527,0
0,0
52,-1
0,1
203,-1
787,0
0,0
21,0
2841,0
17,0
589,0
0,0
1007,1
65615,0
11893,0
0,0
2751,0
375,1
55,1
0,0
2907,0
849,1
6928,-1
771,0
0,0
186,0
2751,0
4084,0
0,-1
7,0
0,0
218,0
0,1
218,0
23,-1
690,0
0,0
0,0
1525,0
462,0
0,0
0,-1
203,-1
4,0
0,-1
462,0
2,1
203,-1
7,0
0,0
145,-1
55,1
317,0
2907,0
0,-1
2751,0
2907,0
30,0
108,1
2944,1
11,1
2751,0
6928,-1
32,0
13188,0
3569,0
131,-1
390,1
0,1
0,0
4084,0
0,-1
24,0
55,1
231,0
43,1
462,0
1034,0
65615,0
123,0
849,1
23,-1
284,0
0,0
59,-1
203,-1
9,-1
6928,-1
6085,1
0,0
229,0
2841,0
11968,1
2,0
2751,0
2740,1
13,-1
991,0
2,0
25,0
2944,1
0,0
10,0
7,1
302,-1
208,0
690,0
0,1
0,1
0,1
15,1
11893,0
0,0
28,0
0,0
266,0
589,1
286,0
8,0
589,1
12,-1
60,0
8218,0
849,1
163,-1
16330,0
17,0
0,0
53,-1
0,0
2907,0
1307,0
867,0
6928,-1
471,1
58,0
13,-1
218,0
2907,0
589,1
0,1
0,1
2907,0
0,1
0,0
771,0
302,-1
1,-1
0,0
0,-1
11,1
2907,0
0,0
17,0
0,0
0,0
0,0
82,-1
1034,0
65615,0
302,-1
0,0
536,-1
3364,1
32,0
0,1
284,-1
457,0
0,0
0,-1
36,0
6928,-1
2752,0
1,1
0,0
2752,0
7,-1
2841,0
583,0
0,0
0,0
3153,-1
131,-1
462,0
0,1
9,-1
0,1
15,0
2944,1
302,-1
232,0
1382,1
462,0
3,0
17,0
690,0
55,1
21,0
0,0
218,0
849,1
0,0
0,0
4084,0
186,0
0,0
196,1
0,0
108,1
6928,-1
589,1
696,0
0,1
0,0
218,0
2907,0
16330,0
108,1
11,1
472,0
8,-1
0,0
0,-1
18,0
229,0
0,0
157,1
2,-1
109,0
58,0
1034,0
0,0
0,1
65616,0
0,1
0,0
142,0
32,0
130,-1
0,0
0,0
1773,-1
257,0
27,0
471,1
471,1
65616,0
0,-1
849,1
0,0
44,1
142,0
8218,0
3569,0
218,0
189,0
0,0
2752,0
949,0
11,0
17,0
0,0
0,1
218,0
257,0
2752,0
0,1
1344,1
218,0
1034,0
3,0
2909,0
65616,0
15,-1
2752,0
6085,1
58,0
0,0
849,1
34,1
0,0
2907,0
10,0
208,0
2907,0
62,1
3,1
317,0
0,0
6085,1
0,1
203,-1
2907,0
257,0
0,0
176,-1
2907,0
849,1
65616,0
146,-1
13188,0
0,1
2907,0
0,0
3,0
0,0
2752,0
0,1
132,-1
0,0
2,1
0,1
3364,1
229,0
2752,0
690,0
471,1
3,-1
2752,0
231,0
3,0
583,0
32,0
0,0
231,0
4084,0
0,0
867,0
0,0
1516,0
6928,-1
1718,0
0,0
122,1
358,-1
2,0
36,1
0,1
4084,0
0,0
203,-1
1,0
1076,1
0,0
2752,0
98,0
8218,0
1,0
2,-1
56,0
10,0
334,1
0,-1
65616,0
142,0
8218,0
203,-1
218,0
35,1
364,1
331,1
231,0
83,1
142,0
2752,0
218,0
140,0
1307,0
2752,0
462,0
1,0
203,-1
969,1
0,0
0,1
589,1
8218,0
37,0
20,-1
2841,0
8218,0
14,1
0,0
7,0
21,1
0,1
9522,0
8218,0
24,1
1007,1
2,0
9522,0
0,1
108,1
218,0
5975,0
413,0
108,1
132,-1
0,-1
167,1
0,0
2907,0
317,0
991,0
0,0
132,-1
0,0
462,0
8218,0
787,0
231,0
2944,1
187,1
0,0
2907,0
0,1
739,0
155,-1
58,0
58,0
240,0
135,1
2907,0
6,-1
21,0
6928,-1
6928,-1
0,0
1,1
256,0
3,-1
849,1
55,1
1007,1
471,1
58,0
2752,0
690,0
140,0
345,1
0,1
108,1
7,0
9,0
0,1
0,1
302,0
4662,1
0,1
1034,0
4085,0
690,0
8218,0
0,0
2752,0
32,0
16330,0
2,0
20827,-1
65616,0
65616,0
32,0
13188,0
219,0
2907,0
0,0
0,0
317,0
4085,0
191,0
186,0
0,0
38,1
0,0
0,1
358,-1
0,1
1,1
65616,0
0,1
0,-1
2752,0
65616,0
1034,0
35,1
4085,0
690,0
981,1
867,0
1,0
65616,0
81,1
0,0
3,1
167,1
0,1
26,1
6928,-1
849,1
128,1
219,0
167,0
0,0
65616,0
2752,0
358,-1
0,1
219,0
158,1
0,1
208,0
78,0
1034,0
0,-1
0,1
589,1
82,-1
40,0
219,0
0,0
19,0
1,0
0,0
2907,0
0,-1
9522,0
8,-1
0,-1
0,0
2752,0
9,1
1034,0
1,0
0,1
103,-1
0,0
58,0
219,0
152,1
10,0
35,1
99,1
142,0
0,0
2,0
2752,0
24,1
1034,0
203,-1
7,0
4085,0
48,1
1286,0
6085,1
240,0
0,0
142,0
2,1
36,0
2907,0
1,1
0,1
8218,0
38,0
0,0
229,0
0,0
119,0
2907,0
462,1
2944,1
2944,1
0,1
0,1
176,-1
48,1
0,0
173,1
6,-1
2907,0
65617,0
219,0
418,0
0,0
286,0
0,0
0,0
115,0
186288,1
10,1
1,0
11893,0
55,1
2,-1
690,0
32,0
5,0
24,0
354,0
4,0
45,0
0,0
82,-1
55,1
13188,0
203,-1
970,-1
108,1
219,0
8218,0
0,0
302,-1
0,1
1,0
152,1
4,0
1,1
6928,-1
2907,0
1034,0
3,0
1,-1
0,0
1,1
90,-1
19,-1
219,0
82,-1
302,-1
2907,0
123,0
317,0
2752,0
2944,1
1,1
0,0
66,1
2,0
32,0
65617,0
849,1
8218,0
0,-1
302,-1
2752,0
138,1
2752,0
11893,0
2944,1
203,-1
589,1
28,0
94,1
4085,0
35,1
19,0
8218,0
0,-1
17,0
160,0
0,1
1034,0
1,1
67,-1
1029,0
142,0
142,0
24,1
0,0
6928,-1
0,0
867,0
1034,0
5,0
31,1
65617,0
8001,0
285,0
2907,0
268,0
0,0
58,0
17,0
108,1
0,1
317,0
0,0
43,1
127,-1
0,0
949,0
317,0
15,-1
0,-1
0,0
2752,0
2907,0
690,0
0,0
589,0
2752,0
0,0
7,1
0,0
58,0
0,0
849,1
0,1
0,0
1,0
0,0
10,0
0,0
36,0
40,0
6,1
189,0
8001,0
11,0
0,0
0,0
0,0
0,1
0,0
34,0
0,1
771,0
0,0
0,0
43,1
0,0
1034,0
2752,0
2842,0
193,0
0,0
2752,0
4,0
4,1
1,0
167,0
0,0
1034,0
33,0
24,0
3,0
2,1
62,0
0,0
233,0
0,0
2907,0
8276,0
77,0
198,0
0,1
867,0
6,1
2,1
471,1
2,0
142,0
142,0
0,0
0,0
0,0
771,0
4,0
283,0
0,1
34,0
257,0
2907,0
0,0
82,-1
21,1
0,1
0,1
0,0
25,1
165,0
0,0
538,0
167,1
0,0
0,0
471,1
0,0
0,0
472,1
53,1
4085,0
65617,0
142,0
16330,0
0,0
2752,0
6085,1
15,1
219,0
589,1
969,1
0,0
1711,1
1,1
26,1
547,-1
0,1
0,-1
471,1
0,1
231,0
0,1
203,-1
0,0
0,1
140,0
0,0
8,1
2752,0
511,1
13188,0
21,0
31,1
535,0
56,0
167,1
850,1
462,0
0,1
949,0
0,0
102,0
0,0
2,-1
0,0
2752,0
527,0
2907,0
867,0
53,1
8218,0
16330,0
0,1
0,0
86,1
140,0
31,0
219,0
1,0
0,-1
37,1
186,0
4,0
167,1
0,-1
4085,0
51,0
219,0
5,-1
194,0
0,0
56,1
219,0
0,-1
246,0
7,1
0,0
850,1
10,-1
2062,-1
152,1
219,0
0,-1
462,1
0,0
0,0
16,0
184,0
40,0
142,0
0,1
86,1
2,0
16330,0
412,0
11968,1
302,-1
317,0
0,0
0,0
0,0
257,0
48,0
32,0
65617,0
8218,0
2907,0
471,1
196,1
1465,0
1,0
771,0
0,0
203,-1
140,0
219,0
787,0
1034,0
2,0
203,-1
1,0
32,0
219,0
32,0
10,0
0,-1
0,0
15,1
65617,0
0,1
94,1
2752,0
480,1
10,0
1395,1
0,0
5,0
0,0
0,0
55,0
462,0
1,0
240,0
589,1
2752,0
231,0
21,0
2752,0
1711,1
1034,0
219,0
2752,0
0,1
240,0
0,0
850,1
302,-1
0,0
24,0
867,0
48,1
981,1
1,1
12,0
2907,0
0,-1
203,-1
6085,1
317,0
2752,0
32,0
15,1
1,0
462,0
167,0
302,-1
1,0
57,0
690,0
8218,0
2842,0
2944,1
18,0
2752,0
8218,0
32,0
2752,0
1,0
2907,0
0,1
0,1
0,1
15,-1
2,0
9522,0
9,1
472,1
17,0
32,0
298,0
969,1
1,1
0,0
949,0
462,0
203,-1
18,0
0,1
0,0
15,1
0,1
65,0
47,0
0,0
1444,-1
0,0
9522,0
2752,0
0,0
0,0
2752,0
12,-1
557,1
219,0
219,0
696,0
65617,0
1,1
1,0
0,0
0,1
21,0
0,0
240,0
317,0
65617,0
178,0
2752,0
8218,0
2907,0
0,0
29,0
0,1
0,0
2752,0
3569,0
8218,0
35,1
331,1
0,-1
2752,0
56,1
56,1
0,-1
0,-1
39,0
29,1
16330,0
850,1
219,0
65617,0
38,0
314,0
0,-1
203,-1
6085,1
0,0
82,-1
142,0
355,0
219,0
850,1
0,0
3,1
140,0
65617,0
850,1
589,0
81,1
2944,1
0,0
1,0
0,1
0,0
0,1
140,0
0,-1
781,-1
219,0
2,-1
219,0
0,1
690,0
0,1
1034,0
132,-1
8218,0
15,0
240,0
8218,0
360,0
1,0
0,1
2907,0
0,1
219,0
65617,0
66,0
473,1
0,0
4036,0
2907,0
1,0
36,1
26,1
0,0
24,0
0,1
473,1
1,0
2752,0
0,1
2907,0
696,0
0,1
164,0
969,1
0,0
4086,0
1,1
527,0
219,0
16331,0
9,0
37,1
1465,0
36,0
0,0
331,1
31,0
0,1
219,0
0,0
755,1
0,1
0,0
8,1
318,0
0,0
21,0
94,1
3153,-1
4086,0
0,1
1,0
10,0
0,0
0,0
166,0
17,0
166,0
462,0
166,0
16331,0
166,0
473,0
189,0
2752,0
166,0
166,0
166,0
0,0
166,0
166,0
56,1
166,0
65,0
142,0
1711,1
18,0
364,1
0,0
13,1
6928,-1
473,1
13,-1
65617,0
341,0
64,0
1,1
0,-1
1,0
868,0
6928,-1
0,1
462,0
28,0
0,0
0,0
142,0
0,-1
0,-1
1,0
10,0
11,0
2752,0
1,1
0,1
462,0
0,1
0,0
32,0
0,1
59,0
868,0
52,1
2753,0
1286,0
3364,1
219,0
0,0
119,0
4086,0
511,1
473,1
203,-1
0,-1
318,0
814,0
0,0
122,1
16331,0
9020,1
1,0
219,0
0,0
43,1
56,1
9,1
1,0
6927,-1
2,0
0,0
2753,0
0,0
358,-1
56,0
2753,0
94,1
1034,0
194,0
0,0
9,0
8001,0
0,0
219,0
473,1
829,0
0,1
0,0
0,0
473,0
0,0
3377,0
0,0
32,1
0,0
0,0
1034,0
11893,0
71,0
65617,0
240,0
65617,0
65617,0
186287,1
64,0
9522,0
0,0
0,0
0,0
0,-1
412,0
364,1
168,1
219,0
739,0
462,0
8218,0
229,0
4086,0
462,0
6927,-1
0,1
27,0
32,0
2753,0
0,0
0,0
1,0
4086,0
0,1
462,0
2842,0
868,0
142,0
57,0
589,1
2944,1
1007,1
65617,0
103,1
65617,0
0,0
318,0
1328,1
0,0
8218,0
81,-1
140,0
969,1
34,0
0,1
0,1
71,0
4086,0
1034,0
3,0
58,0
208,0
1773,-1
0,0
65617,0
0,0
462,0
152,1
2908,0
0,0
1513,0
6927,-1
10,1
229,0
0,0
8,0
14,0
4086,0
0,0
65617,0
6927,-1
34,1
0,0
32,0
0,0
9522,0
0,0
1,1
3617,0
2,1
32,0
2842,0
820,1
0,1
1,0
0,0
31,0
15,-1
460,-1
96,1
12,1
4086,0
0,1
991,0
2753,0
0,0
11893,0
358,-1
473,1
81,1
1420,0
40,0
0,0
0,0
0,-1
219,0
0,0
850,1
4086,0
2,0
40,0
296,0
589,1
2,0
0,1
37,0
1034,0
868,0
1034,0
0,0
108,1
0,1
0,1
480,1
16331,0
0,1
6927,-1
0,0
15,0
203,-1
17,0
0,1
186287,1
24,1
10,1
0,1
462,0
356,-1
0,0
142,0
82,-1
2909,0
4086,0
0,0
781,0
16331,0
589,0
1034,0
33,-1
56,1
32,0
1034,0
4,0
239,0
127,-1
383,0
0,1
56,1
0,-1
0,1
4,0
7,0
1034,0
690,0
65617,0
168,1
2753,0
0,0
7,0
65617,0
16,-1
65617,0
0,1
82,-1
2909,0
21,0
0,0
949,0
59,0
1215,0
152,1
2909,0
302,-1
462,0
0,0
203,-1
6927,-1
219,0
0,-1
8001,0
108,1
868,0
771,0
15565,1
1034,0
1,0
128,1
32,0
72,1
94,1
868,0
2753,0
0,1
9,0
219,0
7,0
1,-1
219,0
4,1
2337,-1
93,-1
381,1
21,0
2753,0
136,0
868,0
1,1
0,1
949,0
33,1
583,0
32,0
45,1
65617,0
2909,0
1,0
1,0
0,0
0,1
24138,1
65617,0
142,0
6927,-1
1,0
2753,0
37,0
418,0
2909,0
212,0
992,1
121,0
42,1
1711,1
1,-1
10,1
25,-1
31919,1
15,0
981,1
2753,0
2753,0
62,0
13,1
991,0
0,0
37,0
2909,0
0,-1
0,1
220,0
6927,-1
318,0
4086,0
208,0
0,1
53,-1
589,0
2,0
25,-1
59,0
307,0
220,0
868,0
142,0
1,-1
187,1
462,0
0,0
771,0
6927,-1
0,-1
0,1
18,1
1286,0
0,0
5,0
220,0
6927,-1
1711,1
868,0
0,1
969,1
101,1
220,0
220,0
0,-1
0,-1
220,0
65617,0
13,1
2753,0
0,0
203,-1
302,0
47,0
0,1
0,0
981,1
57,1
24,0
80,1
0,0
981,1
122,1
2753,0
168,1
8218,0
16331,0
8218,0
5,-1
42,1
2909,0
2909,0
0,0
25,-1
981,1
981,1
981,1
981,1
981,1
2753,0
13,0
196,1
25,0
0,1
43,1
65617,0
94,-1
2944,1
86,1
4,0
2,-1
7,0
16331,0
103,-1
7,1
868,0
27,0
24,1
0,-1
24,0
54,0
13,1
2842,0
10,1
58,1
36,1
991,0
0,1
6927,-1
0,0
0,-1
868,0
589,1
1,0
0,0
2753,0
2,-1
27,0
0,1
0,1
0,1
7,1
8218,0
2,-1
29,0
46,1
2753,0
1034,0
0,1
1286,0
14,1
0,1
2909,0
2753,0
0,-1
9020,1
0,-1
6927,-1
2753,0
14,0
0,0
25,0
868,0
511,1
2909,0
302,0
10,0
7787,0
58,1
36,1
8001,0
47,1
2944,1
16331,0
142,0
220,0
322,-1
2,-1
2,0
142,0
16331,0
398,0
4,1
2753,0
318,0
4086,0
690,0
0,1
2753,0
65617,0
142,0
2753,0
0,1
7,0
49,1
58,1
462,0
0,0
3,0
58,1
1034,0
0,0
0,0
0,0
850,1
473,1
2,0
1328,1
0,1
314,0
24,1
0,0
462,0
0,0
991,0
462,0
142,0
0,0
1,1
3,0
119,0
142,0
168,1
145,-1
690,0
2753,0
9522,0
59,-1
203,-1
142,0
8001,0
1034,0
9522,0
0,1
140,0
4589,1
0,0
302,-1
41,1
5,-1
473,1
1034,0
318,0
0,1
0,0
220,0
58,1
2753,0
16,0
473,0
158,1
34,0
31,1
9522,0
473,0
580,0
0,0
1525,0
0,0
12,0
0,0
0,0
0,0
2753,0
220,0
589,1
161,0
108,1
5,0
0,0
573,-1
2753,0
5,-1
0,0
3,0
220,0
2909,0
152,1
0,0
168,1
60,0
8001,0
690,0
599,0
219,0
65617,0
0,0
868,0
220,0
219,0
0,0
0,1
128,1
0,1
22,0
9522,0
82,-1
220,0
0,-1
4086,0
2753,0
4589,1
0,0
7,0
20279,0
2753,0
1711,1
108,1
1711,1
15,0
65617,0
6927,-1
199,0
38,0
40,0
0,-1
462,0
2842,0
0,0
850,1
0,0
0,0
1,0
7,0
5,0
0,0
157,1
1,0
457,0
142,0
0,1
4,-1
0,-1
2753,0
2753,0
6,-1
6927,-1
0,0
4086,0
58,1
0,1
1,0
59,-1
4086,0
246,0
6086,1
232,0
132,-1
0,1
0,0
95,-1
366,0
197,0
65617,0
23,-1
0,0
0,1
4,1
318,0
11893,0
172,1
690,0
21,0
2,-1
4,1
8,1
3,0
2753,0
186288,1
2753,0
2753,0
1,0
58,1
32,0
0,0
0,0
0,0
0,0
867,0
0,0
314,0
3,0
318,0
49,0
232,0
355,0
0,0
10,0
0,1
0,0
42,1
0,0
473,1
0,1
0,0
0,0
119,0
867,0
0,-1
0,1
0,0
21,-1
0,-1
0,0
2909,0
40,0
0,1
462,1
0,0
690,0
15,-1
1215,0
58,1
473,1
7,1
599,0
3,0
142,0
181,-1
7,0
2909,0
13,-1
10,1
4086,0
21,0
38,1
25,0
2909,0
2945,1
1034,0
2909,0
10,-1
0,1
0,0
1,0
220,0
2753,0
1,-1
82,-1
1,0
232,0
1034,0
0,1
0,-1
0,0
191,1
90,1
318,0
59,-1
0,0
2753,0
2753,0
28,0
121,0
8,-1
10,1
232,0
302,-1
8218,0
220,0
0,0
168,1
2909,0
0,0
358,-1
220,0
14440,0
1,1
0,1
0,0
422,0
157,1
0,0
2909,0
94,1
142,0
328,1
9,1
345,1
34,1
0,0
2101,1
38,0
10,0
2,-1
355,0
12,-1
0,0
0,0
58,1
8218,0
65617,0
462,0
0,-1
5027,-1
17,0
0,-1
696,0
0,0
0,0
4589,1
30,1
589,1
331,0
1,-1
381,0
3569,0
473,1
605,1
8218,0
867,0
142,0
268,0
36,1
6927,-1
4914,0
2909,0
0,0
462,0
2945,1
0,-1
17,0
339,0
186,0
2909,0
0,0
157,1
32,0
28,1
0,-1
5975,0
2945,1
123,0
318,0
32,0
29,1
9,0
3,-1
2753,0
867,0
0,1
161,0
0,0
2945,1
32,0
0,0
37,1
8218,0
82,-1
0,0
7,0
77,0
90,1
8,-1
65617,0
0,0
142,0
9522,0
3552,1
1,0
59,0
65617,0
101,0
53,-1
2753,0
25,1
142,0
21,0
220,0
0,0
47,0
0,0
302,-1
2753,0
1,0
0,0
23,1
2842,0
58,1
32,0
2753,0
6927,-1
203,-1
20,-1
220,0
2909,0
649,0
0,1
2909,0
0,1
176,-1
0,0
2753,0
5,0
850,1
696,0
2753,0
8218,0
3,0
2089,0
196,1
22,0
1076,1
0,1
3364,1
0,0
2909,0
4,0
0,0
867,0
36,0
32,0
1057,0
604,0
4589,1
6927,-1
16331,0
168,1
13188,0
2945,1
65617,0
123,0
220,0
2909,0
11893,0
5,0
6927,-1
220,0
0,1
0,1
488,0
6927,-1
2909,0
0,0
867,0
186,0
0,-1
2,-1
322,-1
23,1
0,0
142,0
0,1
3,0
8218,0
0,1
46,0
291,1
0,-1
4,1
17,0
3,0
8218,0
127,-1
1,1
0,0
22,0
203,-1
65617,0
2753,0
4,1
0,0
124,0
2909,0
103,-1
58,1
2909,0
9020,1
142,0
2909,0
318,0
867,0
0,1
6927,-1
246,0
234,0
0,0
234,0
142,0
234,0
234,0
473,1
15,-1
850,1
234,0
234,0
234,0
234,0
220,0
142,0
0,1
234,0
0,0
398,0
3,0
58,1
0,0
5,0
234,0
589,0
1513,0
2,0
1,1
65617,0
2945,1
866,0
0,0
29,0
65617,0
8218,0
32,0
58,1
257,0
108,1
13,-1
0,0
203,-1
0,1
0,1
58,1
1548,-1
182,0
0,1
29,0
4,0
2753,0
0,1
119,0
1,0
1034,0
0,1
0,1
8002,0
24,0
217,0
6928,-1
0,0
0,0
589,0
0,0
7,0
32,0
8218,0
11894,0
53,0
969,1
0,-1
0,0
2753,0
142,0
0,0
186,0
0,0
45,1
8218,0
65617,0
8218,0
8,1
355,0
94,1
0,0
0,0
24,1
47,1
27,-1
65617,0
108,1
787,0
0,0
2,0
14,0
0,0
10,0
13,-1
16331,0
53,1
22,0
1,0
10,0
0,0
142,0
358,-1
317,1
3,0
1,0
18,0
0,1
457,0
0,1
18,0
2909,0
53,1
0,0
4,-1
0,0
315,-1
20,0
1034,0
2945,1
2909,0
0,0
0,0
49,1
8218,0
32,0
4,1
2909,0
297,0
356,-1
32,0
1718,0
31,0
11894,0
15,0
2754,0
304,-1
0,1
43,1
2,0
16,0
0,1
2754,0
2945,1
6086,1
5,-1
32,0
0,-1
0,1
161,0
2909,0
44,-1
4,0
221,0
2945,1
45,0
31,1
5,1
1718,0
314,0
314,0
314,0
314,0
314,0
314,0
314,0
314,0
318,0
314,0
314,0
314,0
314,0
314,0
86,1
314,0
314,0
314,0
314,0
314,0
314,0
314,0
208,0
696,0
31,0
1,-1
0,0
168,1
0,0
868,0
1,0
0,0
12,0
3,-1
0,-1
2754,0
59,0
1034,0
94,1
318,0
311,0
358,-1
10,0
2,-1
32,0
0,1
1,0
0,0
1034,0
22,1
39,0
32,0
0,0
2754,0
1,1
2,1
17,1
0,0
0,1
0,0
65617,0
219,0
175,1
2945,1
1,0
0,0
59,1
62,0
186288,1
6,0
463,0
25,1
257,0
0,0
0,0
0,1
0,0
3,1
173,0
37,1
0,0
0,0
0,0
1697,-1
44,0
690,0
2910,0
0,1
47,1
0,0
28,0
7,0
65617,0
17,0
65617,0
1,-1
55,0
4086,0
55,1
2754,0
13188,0
5,0
59,1
67,0
0,0
127,-1
1,1
14,0
4,0
29,0
4,0
0,0
0,1
221,0
0,1
304,-1
1034,0
59,1
2910,0
28,0
1,1
221,0
0,1
67,1
0,0
59,1
1034,0
7,1
53,-1
1,1
33,0
53,-1
246,0
1,0
21,0
45,0
1,0
0,1
578,0
0,1
11894,0
17,0
304,-1
65617,0
0,0
2754,0
0,0
59,1
1,1
203,-1
65617,0
0,0
589,0
867,0
1,1
240,0
11894,0
375,1
318,0
18,1
18,-1
21,-1
462,1
0,0
2754,0
0,-1
304,-1
2945,1
15,1
4,0
176,-1
1034,0
203,-1
0,0
9522,0
0,0
40,0
167,0
3,0
123,0
65617,0
34,0
463,0
850,1
0,0
0,0
0,-1
0,1
59,1
1452,0
203,-1
21,0
0,0
11,-1
0,0
15,1
1,0
1,1
605,1
0,1
0,0
47,1
0,1
8002,0
80,1
0,1
106,1
8218,0
2910,0
32,0
696,0
111,0
0,0
176,-1
0,1
189,0
65617,0
0,0
13,1
10,0
0,1
11894,0
1788,1
318,0
0,1
1712,1
3,0
4,1
2754,0
32,0
8218,0
142,0
0,1
0,0
0,0
2754,0
108,1
59,1
1034,0
240,0
991,0
0,0
3,1
2945,1
232,0
221,0
4086,0
1,1
0,0
511,1
77,0
3,-1
739,0
2754,0
7,0
318,0
1,0
221,0
0,1
463,0
203,-1
59,1
1034,0
868,0
1034,0
991,0
223,0
0,1
203,-1
2910,0
65617,0
53,-1
203,-1
203,-1
1,0
223,0
2910,0
13,-1
2887,0
1,1
0,0
7,0
0,1
142,0
75,0
20,0
119,0
62,0
18,1
9522,0
355,0
223,0
473,1
53,1
119,0
696,0
140,0
223,0
2754,0
108,1
0,1
140,0
0,0
16331,0
142,0
232,0
1465,0
868,0
2842,0
511,1
8002,0
240,0
223,0
2910,0
2754,0
29,0
119,-1
0,1
1034,0
145,-1
8,-1
64,0
589,1
0,-1
152,1
65617,0
21,0
0,0
59,1
58,0
969,1
108,1
2754,0
1465,0
6928,-1
1034,0
2,0
45,0
0,0
38,0
40,0
58,0
473,1
2910,0
13,-1
27,0
223,0
3153,-1
1034,0
16,0
0,0
0,1
0,1
2910,0
0,1
25,-1
0,1
0,0
969,1
0,0
24,0
868,0
696,0
8218,0
229,0
1,0
10,1
0,0
1034,0
318,0
1,0
22,0
4086,0
2754,0
203,-1
69,1
36,1
0,-1
0,0
8,-1
21,0
6928,-1
34,0
257,0
2945,1
13188,0
40,0
1,0
38,1
2754,0
331,1
1,1
4589,1
98,1
1034,0
13188,0
119,0
0,-1
132,-1
1034,0
223,0
30000,1
32,0
6928,-1
145,0
589,1
0,0
25,-1
11895,0
850,1
40,0
589,0
129,0
25,-1
6928,-1
119,0
95,-1
6086,1
2,0
285,0
5,0
2910,0
0,0
1034,0
15295,-1
4086,0
0,1
36,1
11,1
108,1
11,0
1,1
0,0
62,0
4086,0
65617,0
280,0
381,1
2754,0
4086,0
0,-1
9020,1
0,0
62,0
4662,1
1,-1
53,-1
867,0
52,1
223,0
1,0
0,0
202,1
318,0
1,-1
0,0
1,-1
15,1
850,1
62,0
203,-1
1444,-1
196,1
62,0
0,1
0,-1
108,1
2910,0
868,0
1034,0
2842,0
59,0
232,0
0,0
473,1
223,0
2755,0
2910,0
8,0
142,0
53,1
18,-1
304,-1
318,0
473,1
0,0
0,-1
174,0
13,0
304,-1
173,0
65617,0
4,0
8764,0
2910,0
8218,0
2945,1
176,-1
0,0
991,0
2755,0
1034,0
223,0
850,1
589,1
1478,1
240,0
150,1
868,0
0,1
8218,0
223,0
1,1
2755,0
0,0
0,0
16332,0
13188,0
9,0
0,0
969,1
1215,0
65617,0
949,0
59,1
5,0
128,1
65617,0
142,0
473,1
17,0
62,0
1286,0
473,1
355,0
257,0
186,0
152,1
223,0
6086,1
34,0
16332,0
140,0
65617,0
16332,0
51,0
0,0
0,0
223,0
1034,0
868,0
2910,0
223,0
403,0
20,-1
133,0
1034,0
787,0
327,1
12,-1
262,0
3,-1
176,-1
2,1
1,0
108,1
0,0
463,0
0,0
0,0
850,1
0,-1
0,0
6928,-1
981,1
65617,0
0,-1
462,1
2910,0
5,0
128,0
0,0
69,0
2756,0
2756,0
412,0
24,1
203,-1
0,1
223,0
364,1
22,0
868,0
9522,0
22,0
319,0
9522,0
9020,1
0,0
1,0
8218,0
8002,0
4,1
0,1
2,-1
2756,0
457,0
65617,0
9522,0
25,-1
86,1
0,0
2910,0
319,0
463,0
161,0
981,1
2756,0
0,1
13,-1
65617,0
1712,1
0,0
0,1
168,1
2756,0
2756,0
65617,0
1718,0
1525,0
2910,0
2756,0
36,-1
15,1
24,1
94,1
2756,0
1034,0
64,0
8,1
2910,0
0,-1
21,1
0,1
319,0
22,0
146,1
589,1
0,1
4086,0
0,0
0,-1
381,1
65617,0
51,0
108,1
58,0
59,1
1034,0
308,0
6,1
2945,1
22,0
1,-1
9,0
0,0
4,0
7368,1
463,0
304,-1
1,-1
13188,0
1,-1
0,0
157,1
88,0
0,0
2756,0
2756,0
2756,0
2,0
123,0
135,0
24,1
0,0
4589,1
10,0
0,0
161,0
1,0
4,0
24138,1
15,-1
168,1
1,1
223,0
223,0
0,1
7,1
114,0
1,-1
2,1
24138,1
0,0
1,0
1,0
20827,-1
164,0
2756,0
5,0
2,0
2910,0
0,-1
7,0
0,1
11895,0
59,-1
2910,0
0,0
0,-1
304,-1
3,-1
0,1
65618,0
7,1
589,1
7,1
0,0
9522,0
1465,0
2756,0
168,1
1,-1
0,1
223,0
24,1
0,1
65618,0
1,0
229,0
22,0
850,1
13,-1
223,0
771,0
0,0
0,1
2,-1
22,0
6,1
0,0
0,1
37,1
23,1
5,1
164,0
65618,0
1,0
6928,-1
223,0
463,0
0,-1
24,0
17,-1
0,1
339,0
142,0
1,1
0,0
0,0
0,0
0,1
0,1
0,0
65618,0
2911,0
1033,0
6086,1
138,1
0,1
2757,0
0,-1
0,0
2757,0
0,0
142,0
152,1
2911,0
0,1
59,1
70,1
4,0
59,1
66,1
2,1
232,0
463,0
9,1
7,0
109,1
0,0
56,0
2,1
4914,0
223,0
257,0
0,0
119,0
9,0
1525,0
739,0
0,0
0,0
319,0
850,1
850,1
4087,0
5,0
109,1
93,-1
4087,0
59,1
319,0
172,1
48,1
257,0
86,1
0,0
0,-1
186288,1
2911,0
2757,0
2842,0
152,1
161,0
0,0
0,1
463,0
538,0
4087,0
686,0
2757,0
6086,1
319,0
223,0
147,0
0,-1
212,0
1525,0
39,0
59,0
690,0
104,-1
868,0
2,-1
0,-1
59,0
223,0
1008,1
62,0
223,0
2911,0
6928,-1
25,-1
0,-1
0,0
0,0
6928,-1
2,1
190,0
6928,-1
949,0
53,0
223,0
2758,0
1033,0
11896,0
59,1
140,0
0,0
538,0
493,0
868,0
114,-1
65620,0
4,1
1,1
16332,0
94,1
1215,0
0,1
232,0
23,0
8218,0
12,-1
62,0
0,1
0,0
59,0
38,0
781,-1
868,0
0,1
605,1
2945,1
182,1
0,0
5,0
186,0
6,1
0,-1
13,0
285,0
9,0
2911,0
6928,-1
6928,-1
583,0
9020,1
203,-1
2911,0
161,0
8218,0
181,-1
168,1
257,0
94,1
781,0
4,0
25,-1
43,0
65620,0
62,0
24,1
106,-1
48,1
51,1
65620,0
1,-1
1,0
0,0
142,0
223,0
1033,0
4087,0
223,0
0,0
1033,0
1534,0
223,0
19,-1
22,0
2911,0
473,0
59,-1
3766,0
4087,0
1033,0
473,0
781,-1
0,0
0,-1
0,0
3,-1
15295,-1
224,0
38,1
0,1
139,0
12,-1
4,0
142,0
1033,0
51,0
13,-1
224,-1
0,0
219,0
34,0
0,0
22,0
2911,0
5,0
2758,0
7,0
868,0
1286,0
1286,0
358,-1
3569,0
1697,-1
203,-1
0,1
319,0
82,-1
203,-1
0,0
192,0
16332,0
7,0
65620,0
1,0
319,0
9,-1
10,-1
152,1
7,0
77,0
381,1
0,1
17,0
33910,0
168,1
127,1
8002,0
364,1
17,1
2911,0
3,1
224,0
5,1
0,0
5,1
22,0
224,0
4087,0
2911,0
34,1
65620,0
2911,0
2758,0
2758,0
82,-1
345,1
0,1
59,0
0,0
0,0
24,0
0,0
229,0
1,0
29,0
0,-1
319,0
2945,1
152,1
0,0
2911,0
0,1
868,0
5,1
1033,0
0,1
2758,0
9020,1
145,-1
0,0
1286,0
2758,0
2945,1
65620,0
270,0
2910,0
13,1
138,1
302,0
991,0
868,0
24,1
5,1
991,0
224,0
4087,0
868,0
3,-1
341,0
186288,1
224,0
8218,0
224,0
0,1
1,0
0,1
0,-1
0,-1
2,0
203,-1
6928,-1
0,-1
65620,0
0,0
0,1
65620,0
2910,0
196,1
161,0
3,-1
1423,-1
94,1
224,0
109,1
48,0
2758,0
186,0
65620,0
868,0
690,0
22,0
0,0
11896,0
53,1
224,0
2758,0
65620,0
868,0
3,1
168,1
868,0
6928,-1
0,-1
358,-1
851,1
2,1
7,1
2910,0
12,0
11896,0
319,0
224,0
11896,0
0,1
435,0
1,1
11896,0
224,0
771,0
7,0
0,0
1,-1
2910,0
56,0
4,0
2945,1
224,0
851,1
0,0
18,1
2758,0
3377,0
0,0
0,1
0,1
203,-1
1465,0
1,-1
0,1
4,0
6928,-1
65620,0
10,1
12,0
0,0
2,-1
304,-1
2910,0
203,-1
224,0
0,0
2760,0
232,0
142,0
966,0
0,1
40,0
2945,1
2760,0
224,0
240,0
2760,0
302,0
0,0
319,0
868,0
1,0
2760,0
589,1
589,0
473,1
1,1
0,0
1033,0
60,1
0,1
24,0
1033,0
358,-1
36,-1
3,1
9020,1
0,0
690,0
72,0
4087,0
152,1
59,0
868,0
257,0
109,1
304,-1
219,0
1,0
599,0
38,1
1033,0
65620,0
0,1
62,0
0,-1
36,0
0,0
3,0
690,0
31919,1
83,-1
4,0
787,0
0,0
6928,-1
60,1
224,0
240,0
11,0
0,0
211,0
2,0
755,1
1,-1
203,-1
1033,0
319,0
24,1
6928,-1
123,0
224,0
4087,0
26,1
224,0
2760,0
219,0
16,1
224,0
1712,1
2910,0
1712,1
0,0
240,0
3,1
868,0
100,0
908,0
0,-1
2910,0
0,1
2910,0
0,-1
991,0
224,0
2,1
0,1
16332,0
22,0
589,0
224,0
1712,1
1,-1
0,1
472,1
3209,0
0,0
1033,0
224,0
39,0
2760,0
25,-1
224,0
7,1
88,0
59,0
60,0
10,0
2760,0
43,0
1,0
1,1
0,1
16332,0
24,0
21,0
2760,0
5,0
0,0
0,1
157,1
203,-1
981,1
232,0
224,0
0,0
142,0
39,0
65620,0
186,0
9020,1
8218,0
257,0
2945,1
0,0
2945,1
8002,0
599,0
0,0
133,0
94,1
2842,0
2945,1
109,1
0,0
224,0
355,0
4,0
287,-1
0,0
124,0
1,-1
2760,0
589,0
22,0
2910,0
0,0
4087,0
21,0
186288,1
0,0
0,-1
463,0
6928,-1
34,1
21,0
7,0
5680,1
949,0
0,1
2842,0
2945,1
0,0
1,0
2910,0
176,-1
14,1
4087,0
1033,0
10,-1
1,0
2,0
2760,0
4,1
787,0
13,-1
5,0
138,1
13,-1
6,0
0,-1
1,0
0,-1
360,0
142,0
38,0
39,0
0,-1
58415,-1
224,0
358,-1
43,1
127,-1
9,0
152,1
11896,0
37,1
1215,0
2760,0
0,0
94,1
0,1
0,0
851,1
462,1
869,0
2910,0
32,0
45,0
5,0
2760,0
60,1
12,0
357,0
2760,0
20,0
53,1
1,-1
257,0
203,-1
3,0
690,0
83,-1
13,1
0,0
192,0
2910,0
2945,1
94,1
0,0
851,1
152,1
981,1
65621,0
1286,0
1465,0
2,0
8218,0
224,0
4087,0
1033,0
13,1
266,0
203,-1
0,1
46,0
869,0
0,0
22,0
2910,0
15295,-1
0,1
21,0
8002,0
4,1
2760,0
8218,0
0,1
142,0
5,0
229,0
11896,0
8218,0
65621,0
2760,0
12,0
285,0
2760,0
233,0
113,0
5,0
13,0
96,1
0,1
2,0
320,0
364,1
0,1
225,0
59,0
14,0
39,1
37,1
225,0
851,1
4,1
65621,0
0,0
208,0
2911,0
75,0
9522,0
15,-1
1033,0
225,0
1,0
225,0
0,0
28,0
17,0
589,0
219,0
65621,0
18,1
2760,0
40,0
225,0
2,1
1033,0
142,0
152,1
0,1
0,0
2,0
94,1
1033,0
27,-1
8218,0
64,-1
65621,0
240,0
11,1
322,-1
0,0
473,0
167,0
20,0
851,1
4,1
2760,0
649,0
1,-1
2911,0
0,0
33,0
40,0
6928,-1
16333,0
142,0
814,0
65621,0
2842,0
48,0
186288,1
225,0
3552,1
11,1
65,1
29,1
0,0
2911,0
870,0
22,0
0,0
32,0
6928,-1
94,1
1,0
0,1
1,1
320,0
168,1
142,0
1329,1
38,0
364,1
6,1
212,0
473,0
225,0
304,-1
22,0
53,1
54,-1
0,-1
15,1
589,0
1,0
240,0
1,0
2760,0
0,0
232,0
2139,0
24,0
599,0
1525,0
0,1
7,1
10,1
0,0
225,0
851,1
0,0
225,0
186288,1
40,0
141,-1
8218,0
138,0
94,1
2911,0
870,0
140,0
457,0
65621,0
1,0
473,0
7,1
0,0
2911,0
0,1
225,0
0,1
37,1
0,-1
2911,0
358,-1
0,0
870,0
10,0
2911,0
37,1
21,0
0,0
0,0
109,1
11896,0
463,0
142,0
1,0
5,0
4,1
65621,0
0,1
2760,0
0,1
359,1
2760,0
225,0
12,1
473,1
65621,0
181,0
1286,0
38,1
3,1
0,0
0,1
3205,0
0,0
38,1
7,1
870,0
1033,0
39,0
285,0
0,0
94,1
17,0
696,0
8218,0
6928,-1
2760,0
225,0
599,0
981,1
0,0
27165,-1
690,0
13,1
9522,0
176,-1
54,-1
203,-1
1,0
203,-1
0,0
96,0
40,0
851,1
696,0
2911,0
2945,1
2911,0
18,0
2760,0
15,1
1,0
152,0
17,-1
2760,0
991,0
196,1
143,0
145,0
2760,0
358,-1
257,0
358,-1
0,0
203,-1
0,0
65621,0
851,1
463,0
814,0
53,1
1,0
8764,0
25,0
0,1
279,1
331,1
0,1
17,0
13,-1
358,-1
203,-1
225,0
2842,0
8,1
225,0
1,-1
203,-1
2,1
1034,0
9522,0
6,-1
1,0
2760,0
0,0
0,-1
1712,1
48,0
8218,0
65621,0
0,0
26,1
969,1
0,0
4088,0
2760,0
1,-1
54,-1
27,0
138,1
0,0
0,0
1102,-1
0,-1
229,0
21,-1
0,1
6928,-1
311,0
19,-1
0,0
0,-1
6,1
0,1
2,0
870,0
240,0
140,0
25,1
39,0
225,0
65621,0
4088,0
12,-1
232,0
143,0
12,0
580,0
9,0
239,0
65621,0
16333,0
203,-1
649,0
161,0
1,0
140,0
3,0
39,0
2761,0
2,0
0,0
1,1
4088,0
140,0
22,0
257,0
161,0
18,1
0,-1
375,1
257,0
119,-1
35,0
0,0
0,0
11896,0
0,0
144,-1
85,0
2911,0
2761,0
13,-1
304,-1
2761,0
59,-1
167,0
25,-1
161,0
2761,0
0,-1
1,-1
143,0
17,0
232,0
140,0
8218,0
22,0
0,0
64,0
23,0
2,1
1,0
0,1
548,1
2761,0
0,0
321,0
0,-1
413,0
225,0
53,1
48,-1
589,0
304,-1
21,0
1,0
240,0
870,0
0,-1
186288,1
1034,0
0,-1
41,0
203,-1
2911,0
2761,0
2,-1
11896,0
232,0
870,0
0,1
43,1
0,1
0,-1
2911,0
870,0
59,-1
0,1
321,0
225,0
0,0
0,1
0,0
124,0
54,-1
7,0
6928,-1
0,0
65621,0
225,0
870,0
225,0
473,1
0,-1
42,1
72,0
0,0
203,-1
140,0
358,-1
690,0
111,1
13,0
0,1
60,0
2945,1
12,1
39,0
2761,0
229,0
144,0
8002,0
2,0
3,-1
1286,0
164,0
65621,0
6,1
0,0
1,0
3,0
17,1
169,1
144,0
32,0
1718,0
0,1
9,-1
24,0
65621,0
0,-1
870,0
40,0
302,0
0,0
0,0
109,1
229,0
0,1
2761,0
225,0
60,0
0,0
39,0
1,0
787,0
1,0
203,-1
7,0
0,0
2911,0
0,0
0,0
464,0
13,-1
33,1
341,0
0,0
65621,0
1,0
0,-1
981,1
2945,1
870,0
38,1
5,0
2761,0
152,1
0,-1
283,0
511,1
38591,0
358,-1
119,0
9021,1
690,0
4,0
225,0
6928,-1
225,0
11896,0
45,0
72,0
328,1
870,0
3569,0
144,0
225,0
8218,0
358,-1
13,-1
140,0
2761,0
11968,1
2,-1
2912,0
4,0
2761,0
7,0
0,1
16333,0
13,1
11896,0
219,0
0,0
473,0
12,0
0,1
65621,0
54,-1
0,1
20,0
225,0
119,0
870,0
473,1
920,-1
0,0
21,-1
0,0
0,0
0,0
20,0
0,-1
203,-1
0,0
38,1
0,-1
11896,0
25,-1
83,-1
17,0
225,0
3,0
772,0
690,0
4,0
14,-1
0,-1
0,-1
4,0
109,1
2761,0
7,1
13,0
225,0
464,0
7,0
851,1
2,-1
589,0
1308,0
589,0
1215,0
13,-1
870,0
15,-1
6086,1
0,0
225,0
264,0
3,-1
302,0
339,0
122,1
2,-1
0,0
46,0
464,0
0,1
53,1
229,0
16,1
2912,0
1,0
203,-1
58,0
69,0
851,1
225,0
0,1
1718,0
3,-1
690,0
94,1
175,1
22,0
1034,0
8218,0
39,0
0,1
11968,1
6928,-1
225,0
54,-1
11896,0
144,0
144,0
2912,0
225,0
11,1
24,0
0,1
144,0
21,0
0,1
464,0
1,1
25,1
0,0
4088,0
2762,0
0,0
8218,0
2912,0
0,0
2762,0
6086,1
2762,0
0,0
0,-1
5,0
0,-1
0,0
4,0
144,0
0,0
2,0
94,1
868,0
0,0
6086,1
186288,1
2762,0
24185,1
589,1
1034,0
140,0
0,0
0,-1
2,-1
125,-1
2,0
11896,0
9,-1
38,1
186,0
17,-1
169,1
0,0
65621,0
7,1
11896,0
13188,0
0,0
9021,1
38,1
0,0
2,0
40,0
32,0
65621,0
11896,0
229,0
0,1
0,1
0,0
208,0
0,-1
464,0
11896,0
5,0
457,0
106,-1
152,1
51,1
4,0
56,1
0,0
0,0
473,1
203,-1
323,0
65621,0
225,0
870,0
1,-1
109,1
0,0
1076,1
169,1
462,1
4088,0
1,0
589,0
176,-1
8218,0
22,1
2762,0
9021,1
9,-1
1,0
124,0
20,-1
2762,0
3,1
34,1
298,0
6928,-1
3,-1
81,1
787,0
104,-1
240,0
2494,0
15,1
176,-1
0,1
0,0
285,0
0,-1
0,0
0,1
66,1
3153,-1
1034,0
8,1
6928,-1
4088,0
144,0
24,0
65621,0
203,-1
1697,-1
0,0
0,0
851,1
1,1
25,0
16333,0
152,1
142,0
225,0
2762,0
781,-1
144,0
18,1
1,1
225,0
225,0
140,0
2912,0
65621,0
36,1
0,1
6928,-1
8218,0
2,0
196,1
208,0
15,1
589,1
225,0
65,0
240,0
83,-1
6928,-1
851,1
232,0
870,0
225,0
22,0
1329,1
10,0
203,-1
991,0
0,1
69,1
225,0
0,-1
0,0
356,-1
1,0
38,0
2762,0
0,0
176,-1
225,0
25,-1
0,1
186288,1
229,0
144,0
0,0
225,0
9522,0
0,0
473,0
1712,1
0,1
3,0
225,0
65,0
54,-1
7,-1
2912,0
65621,0
140,0
4088,0
462,1
54,-1
696,0
538,0
981,1
140,0
4,0
0,1
690,0
176,-1
5,1
0,-1
0,0
323,0
7450,0
225,0
11896,0
203,-1
144,0
220,1
0,0
0,-1
225,0
871,0
0,1
0,0
225,0
2912,0
12,0
46,0
92,1
0,1
0,0
0,0
0,1
4088,0
381,1
22,0
225,0
2945,1
26,1
1009,1
32,0
2762,0
0,1
15,0
134,-1
225,0
0,1
0,0
2,-1
2912,0
296,0
0,1
1,0
2762,0
20,-1
31,1
39,0
15,-1
5,0
1,0
22,0
1,1
0,0
4,1
1,0
302,0
10,0
323,0
0,0
1,0
0,1
203,-1
2762,0
0,0
4088,0
9,0
13,-1
6928,-1
690,0
4088,0
0,1
339,0
4,0
1105,1
0,0
589,1
4088,0
5,0
5,0
1,1
33,0
0,1
3,0
2,1
2762,0
0,1
0,0
8002,0
11896,0
1,1
356,-1
0,-1
358,-1
144,0
13188,0
2945,1
8218,0
15,-1
0,0
0,0
0,0
174,0
0,1
355,0
0,1
2762,0
473,1
5,0
304,-1
186,0
2,0
77,0
0,0
280,0
969,1
1286,0
4088,0
589,0
7,1
203,-1
2912,0
589,1
5,0
2912,0
991,0
8218,0
225,0
203,-1
0,1
9522,0
22,0
1286,0
225,0
65621,0
53,0
16,0
4,0
164,0
0,-1
4,0
851,1
7,0
0,0
2762,0
203,-1
304,-1
304,-1
2912,0
1,0
13188,0
38,1
60,0
1765,-1
102,0
9522,0
20,-1
2912,0
1,1
0,1
3,0
0,-1
2762,0
1,0
0,0
376,1
851,1
61,0
0,0
358,-1
225,0
1034,0
1034,0
54,-1
7,1
2945,1
2762,0
43,1
8218,0
2912,0
304,-1
0,1
64,0
8218,0
39,0
24,0
0,1
696,0
138,1
10,1
2912,0
0,1
94,1
2762,0
871,0
944,0
2912,0
65621,0
323,0
0,1
851,1
0,-1
0,1
0,1
462,1
0,-1
15,0
0,0
538,0
65621,0
0,1
589,1
0,-1
0,0
54,-1
2945,1
5,0
34,0
1,0
464,0
0,1
11896,0
28,0
1139,0
4,1
323,0
17,-1
4,0
14,0
0,1
144,0
203,-1
83,-1
26,1
81,0
15,1
13,-1
0,0
285,0
140,0
181,-1
203,-1
0,0
4,0
225,0
4088,0
65621,0
65621,0
3,0
457,0
239,0
186288,1
516,0
2762,0
8218,0
176,-1
3,0
0,0
94,1
22,0
39,0
106,0
690,0
0,0
2912,0
2350,-1
0,0
0,0
134,-1
240,0
690,0
464,0
323,0
15,0
3,-1
203,-1
944,0
0,0
0,1
2912,0
134,-1
2762,0
72,1
4088,0
0,0
0,0
40,0
787,0
1,1
0,-1
232,0
690,0
365,1
6,-1
464,0
464,0
268,0
0,0
14,1
1034,0
33,-1
0,1
7,1
5,0
232,0
1,1
65621,0
0,0
25,-1
203,-1
0,0
4,0
4381,0
65621,0
1,0
203,-1
0,1
296,0
0,0
842,-1
223,0
0,1
109,1
2912,0
66,1
464,0
2842,0
3,0
0,0
203,-1
225,0
167,0
60,0
2762,0
457,0
0,0
3126,-1
2912,0
0,1
2912,0
203,-1
45,0
1,-1
413,0
13,-1
13,-1
6086,1
0,0
22,0
6928,-1
58,0
54,-1
473,1
1034,0
2,0
2945,1
2912,0
387,1
102,0
0,0
4088,0
1034,0
0,1
94,1
5,0
1712,1
0,0
696,0
1308,0
45,0
144,0
2,-1
462,1
0,0
473,1
0,1
94,1
240,0
15,1
0,1
1286,0
0,0
232,0
203,-1
111,0
84,-1
0,1
5,0
0,0
8218,0
109,1
38,0
0,0
1034,0
0,0
0,1
232,0
69,1
4088,0
1,0
144,0
203,-1
6928,-1
0,1
2762,0
68,0
2762,0
981,1
2912,0
0,0
34,0
3,0
38,1
2,0
11,0
1465,0
7,1
473,1
2912,0
2,0
6928,-1
174,0
844,1
5,0
26,1
0,1
17,0
65621,0
0,0
11,1
551,-1
4088,0
1402,1
258,0
152,1
0,0
7,1
65621,0
0,1
0,1
109,1
2842,0
3,0
2762,0
0,-1
3,-1
0,-1
0,1
462,1
809,-1
5,0
2762,0
304,-1
970,-1
0,0
589,0
5,0
871,0
135,0
6,0
2762,0
755,1
2762,0
39,0
147,0
0,0
144,0
323,0
4088,0
160,0
1009,1
0,1
24,1
9,1
3153,-1
1697,-1
28,0
0,0
2762,0
12,0
8764,0
599,0
65621,0
78,-1
0,1
94,1
0,0
323,0
1,-1
1076,1
167,0
2945,1
65621,0
258,0
0,1
871,0
8,1
696,0
94,1
122,1
62,0
0,-1
2762,0
13188,0
599,0
13,1
100,1
8002,0
144,0
0,0
6,-1
0,1
3,1
356,-1
6086,1
30,1
0,0
1,-1
589,0
75,0
144,0
1034,0
992,0
21,0
65621,0
65621,0
2762,0
2762,0
4088,0
871,0
94,1
2,0
3,0
14440,0
144,0
65621,0
2762,0
144,0
304,-1
203,-1
1034,0
464,0
589,0
4088,0
65621,0
8218,0
6,0
176,-1
232,0
0,1
1712,1
203,-1
27,0
323,0
4088,0
0,0
2912,0
0,0
2,0
464,0
0,1
66,1
203,-1
11896,0
4,1
2912,0
5,0
22,1
144,0
782,0
0,1
212,0
144,0
16333,0
2842,0
13,-1
0,1
0,0
0,0
0,0
0,1
7,0
152,1
6928,-1
11896,0
1308,0
5,1
32,0
25,0
0,0
8218,0
2762,0
38,1
323,0
2912,0
4090,0
2762,0
462,1
77,0
186,0
6086,1
871,0
0,0
23,-1
2,1
871,0
1525,0
203,-1
0,1
0,1
6928,-1
304,-1
0,1
8,0
10,-1
8218,0
2945,1
203,-1
612,1
13,1
0,1
1,1
20,-1
0,0
1177,1
0,0
0,0
123,0
61,0
13,1
9,0
145,-1
94,1
0,0
0,-1
10,1
8218,0
0,-1
2,-1
23,1
24,0
15,1
462,1
0,1
65,0
1712,1
1286,0
2762,0
0,1
0,1
0,0
0,1
787,0
0,1
127,-1
78,-1
0,1
2912,0
219,0
4090,0
1,0
65621,0
589,0
0,1
2762,0
5,0
65621,0
144,0
0,1
62,0
257,0
38,1
1712,1
0,0
0,-1
13,0
134,-1
0,0
871,0
196,1
2913,0
0,1
1,-1
0,0
41,0
1009,1
18,1
8218,0
61,0
0,1
51,0
61,0
589,0
240,0
8218,0
8002,0
9522,0
6928,-1
8218,0
0,0
0,0
0,1
119,0
376,1
54,-1
398,0
1,0
464,0
1,0
5,0
203,-1
16333,0
0,1
64,0
1308,0
992,0
1,1
871,0
5,-1
22,0
992,0
0,0
0,-1
4,-1
10,0
0,0
13,-1
13,-1
0,0
0,1
3,-1
65621,0
65621,0
1,-1
40,0
0,-1
0,0
0,-1
12,1
473,1
23,-1
0,1
98,-1
4090,0
0,0
144,0
58,0
0,0
2913,0
13188,0
8218,0
0,0
203,-1
65621,0
367,-1
38,1
1034,0
163,-1
94,1
323,0
3153,-1
0,1
6928,-1
203,-1
10,0
16,1
2762,0
152,1
232,0
2762,0
144,0
69,1
21,0
6928,-1
0,0
0,1
17,0
134,-1
203,-1
0,1
144,0
2762,0
0,1
2762,0
39,0
287,0
1,0
65621,0
285,0
0,1
0,1
127,-1
5,0
2,0
2913,0
2913,0
16333,0
21,0
65621,0
852,1
6928,-1
22,1
77,0
2762,0
1,0
696,0
10,1
690,0
696,0
19,0
44,1
323,0
160,-1
1465,0
20,-1
2913,0
32,0
10,0
323,0
322,-1
2762,0
51,0
0,1
0,0
257,0
4,0
690,0
0,0
0,1
15,-1
64,0
323,0
12,-1
2762,0
1511,0
1,0
65621,0
323,0
0,1
6086,1
240,0
0,1
464,0
0,1
2945,1
8218,0
20,0
2842,0
61,0
1712,1
0,1
0,1
203,-1
0,1
1,0
462,1
8218,0
25,-1
2913,0
26,1
0,-1
15,0
8,-1
144,0
17,-1
0,0
8218,0
0,1
23,1
589,0
164,0
8218,0
462,1
109,1
229,0
232,0
3,-1
576,0
781,-1
65621,0
153,1
0,0
22,0
0,1
381,1
0,1
23,0
323,0
257,0
2842,0
473,1
0,1
5,0
589,1
0,0
65621,0
0,1
64,0
11896,0
0,1
2913,0
15,-1
5,0
163,-1
1034,0
4090,0
4,0
8764,0
153,1
6,1
11,0
65,0
0,0
1,1
0,0
1034,0
0,0
145,1
16333,0
23,-1
144,0
781,-1
323,0
54,-1
0,0
39,0
0,1
473,0
0,1
323,0
9021,1
0,1
314,0
144,0
465,0
356,-1
949,0
7,0
53,1
589,1
298,0
355,0
2762,0
62,0
0,0
969,1
341,0
341,0
2913,0
0,1
2762,0
2,0
1712,1
0,-1
144,0
2,0
1034,0
473,1
4090,0
2762,0
203,-1
4090,0
52,0
323,0
258,0
0,0
871,0
232,0
144,0
2762,0
1,-1
0,0
1034,0
781,-1
0,0
0,-1
852,1
2762,0
599,0
140,0
127,-1
240,0
22,0
65621,0
2842,0
0,0
65621,0
203,-1
0,1
871,0
0,0
1534,0
0,-1
0,0
358,-1
0,1
0,0
47,0
0,0
21,0
0,1
0,1
134,-1
65621,0
4,1
2913,0
20,-1
140,0
6,1
4,0
0,0
2762,0
2762,0
186,0
15,-1
0,0
0,1
34,0
144,0
43,0
0,0
9,-1
157,1
604,0
119,0
1,1
323,0
3,-1
21,0
29,1
690,0
0,0
0,0
8218,0
39,0
153,1
8,1
10,1
0,0
1034,0
8764,0
144,0
852,1
240,0
9,0
2,-1
27,0
1,1
1,1
3,0
2913,0
2,1
203,-1
0,-1
8002,0
53,1
19,0
0,0
372,1
24,0
0,0
871,0
25,0
4090,0
22,1
323,0
61,0
0,1
511,1
40,0
65621,0
0,-1
0,1
61,0
164,0
4,1
0,0
54,-1
0,1
161,0
22,0
58415,-1
381,1
66,1
0,0
358,-1
318,0
0,1
65621,0
0,0
2842,0
219,0
37,1
0,-1
1,0
1034,0
4,0
0,0
41,0
232,0
0,0
341,0
11896,0
589,0
871,0
1,0
6928,-1
0,0
32,0
40,0
31,0
4,-1
992,0
193,0
0,1
1,0
0,1
140,0
144,0
9021,1
2763,0
0,1
54,-1
0,-1
48,0
160,0
2,0
871,0
589,0
473,1
0,0
8218,0
144,0
54,-1
240,0
10,0
229,0
0,0
1286,0
240,0
0,0
1034,0
323,0
6,1
0,0
0,0
462,1
38,1
390,1
1,1
24,0
0,0
10,1
7,1
60,0
6,0
0,0
203,-1
13,-1
7,0
0,0
0,-1
0,0
0,0
98,0
37,0
0,0
0,0
233,0
359,-1
0,1
227,0
0,0
1,1
0,1
5,0
1,-1
17,0
203,-1
2763,0
0,0
871,0
0,-1
42,1
2763,0
2914,0
2,0
0,1
690,0
12,0
65622,0
1,1
1076,1
10,0
5,0
19,-1
0,-1
6928,-1
33,0
85,1
12,0
22,0
0,0
0,1
439,0
142,0
365,1
2914,0
696,0
153,1
203,-1
86,1
219,0
119,-1
153,1
246,0
871,0
690,0
0,0
0,-1
8002,0
345,1
1215,0
4090,0
140,0
14,0
119,0
0,1
258,0
0,0
4589,1
1,0
0,0
871,0
305,-1
13,1
2914,0
11896,0
8,1
11,1
0,0
1,0
4090,0
0,0
398,0
5,-1
58,1
1034,0
10,0
871,0
176,-1
690,0
462,1
97,1
40,0
0,-1
3,0
38,-1
9,0
0,1
229,0
323,0
538,0
0,1
4,1
1,1
0,1
2763,0
0,0
144,0
2914,0
0,1
8218,0
203,-1
1034,0
34,1
0,1
1,0
40,0
2914,0
9,0
144,0
24,0
0,0
0,-1
65622,0
992,0
772,0
462,1
134,-1
2763,0
5,1
690,0
0,0
2945,1
781,-1
465,0
0,0
4090,0
781,-1
94,1
2763,0
4090,0
39,0
65622,0
323,0
0,1
52,1
7,1
187,0
16333,0
119,0
0,0
25,1
1,0
696,0
0,1
22,0
65622,0
161,0
61,0
538,0
212,0
26,1
10,0
0,1
3364,1
0,1
0,-1
158,1
21,0
12,0
212,0
0,0
153,1
4090,0
94,1
0,0
0,-1
1,1
2,0
0,-1
176,-1
782,0
3,-1
782,0
36,0
0,-1
0,0
9522,0
65622,0
782,0
696,0
0,0
871,0
65622,0
814,0
0,-1
323,0
589,1
196,1
8218,0
4090,0
323,0
17,-1
138,1
0,-1
58415,-1
992,0
0,0
0,0
4090,0
1034,0
2,0
3,1
65622,0
0,0
332,-1
17,-1
1712,1
140,0
0,1
169,1
2764,0
0,0
10,1
8002,0
0,0
0,-1
0,0
992,0
65622,0
17,0
0,0
233,0
1034,0
0,1
2,1
24,0
31,0
65622,0
0,1
2914,0
0,-1
0,0
1286,0
2914,0
4,0
203,-1
11896,0
387,0
0,0
11896,0
1,0
359,-1
1,1
169,1
203,-1
15,1
674,0
0,0
6086,1
2764,0
2764,0
94,1
13,1
0,1
1,0
64,0
589,0
1,-1
1,0
1034,0
0,1
1,1
27,0
0,1
0,0
0,0
167,0
1,-1
54,-1
240,0
3,1
871,0
13,1
14,-1
19,1
68,0
86,1
2764,0
0,-1
110,1
2,1
0,1
65622,0
1,0
6086,1
3,0
39,0
4,0
65622,0
0,-1
0,0
39,0
186288,1
20,1
0,0
2764,0
169,1
0,0
0,1
11897,0
144,0
3153,-1
0,1
381,1
0,0
306,-1
2914,0
3,-1
17,0
11,1
6928,-1
2,0
9522,0
0,-1
0,-1
6086,1
8218,0
203,-1
2764,0
2764,0
18,1
475,-1
0,-1
311,0
0,-1
4090,0
2914,0
739,0
2764,0
42,0
240,0
787,0
0,1
0,0
4090,0
13,-1
144,0
306,-1
9021,1
18,0
4,1
65622,0
65622,0
0,0
140,0
827,0
109,1
992,0
0,0
2764,0
11897,0
2,1
1525,0
8002,0
65622,0
5,1
322,-1
2914,0
11897,0
2914,0
239,0
194,0
359,-1
1525,0
0,0
7,1
17,0
0,1
9522,0
2914,0
0,0
60,0
19,1
85,1
1,0
0,1
2842,0
2945,1
153,1
0,1
13188,0
871,0
355,0
0,0
0,0
2764,0
0,0
1718,0
14,1
46,0
144,0
17,0
65622,0
0,-1
2,-1
258,0
992,0
232,0
2764,0
871,0
2,-1
0,0
690,0
144,0
376,1
94,1
0,0
2,-1
144,0
2764,0
0,0
355,0
2764,0
17,0
157,1
304,0
65622,0
39,0
144,0
60,0
0,0
0,0
306,-1
2764,0
8,-1
144,0
25,0
306,-1
12,-1
8,1
0,1
306,-1
8218,0
219,0
145,0
65622,0
2914,0
1034,0
356,-1
0,1
0,0
323,0
2764,0
144,0
21,0
144,0
13,-1
0,0
871,0
13,-1
9,-1
8218,0
1712,1
13,1
19,1
0,0
0,0
0,1
18,0
2914,0
306,-1
84,-1
169,1
365,1
94,1
169,1
51196,1
23,1
64,0
12,0
0,0
82,0
0,-1
0,0
0,-1
157,1
302,0
186,0
5975,0
9021,1
86,1
169,1
8218,0
4090,0
589,1
323,0
1034,0
0,1
186,0
1034,0
75,0
0,0
0,1
1,0
34,1
65623,0
2,0
54,-1
0,0
43,1
2914,0
852,1
0,0
8,1
2914,0
61,0
144,0
145,0
4090,0
15,0
2914,0
0,1
9,1
6928,-1
22,0
538,0
61,0
232,0
169,1
1,1
1034,0
11897,0
1,0
223,0
0,1
7,0
61,0
323,0
852,1
144,0
29,0
0,-1
1,-1
455,0
17,0
2,0
0,0
0,0
302,0
119,0
1,0
0,-1
1465,0
0,-1
355,0
420,1
0,0
5,0
306,-1
17,0
1465,0
1511,0
0,1
203,-1
871,0
2764,0
11897,0
1,0
18,0
0,1
2764,0
8218,0
6928,-1
4,1
0,1
5,0
2945,1
0,1
0,-1
0,0
1034,0
473,1
52,1
14,1
144,0
5,1
17,0
1718,0
58,0
690,0
781,-1
16,0
8,-1
5,0
16333,0
132,1
690,0
0,0
323,0
5,0
39,0
0,0
2914,0
2914,0
690,0
2914,0
65623,0
0,1
0,0
4662,1
1,0
2764,0
323,0
1076,1
231,-1
787,0
0,0
1,0
1034,0
0,1
0,0
306,-1
0,1
0,0
992,0
36,1
6928,-1
0,0
355,0
16333,0
274,0
10,0
589,0
383,0
3,0
0,1
26,1
2914,0
2764,0
11,0
871,0
94,1
82,0
0,1
13188,0
16333,0
359,-1
323,0
565,1
755,1
871,0
969,1
0,-1
2914,0
47,0
240,0
1,0
144,0
0,1
65623,0
345,1
0,-1
690,0
323,0
144,0
2764,0
473,1
192,0
0,0
473,0
144,0
37,1
852,1
2,1
0,1
152,-1
11897,0
4,1
122,1
0,-1
9522,0
61,0
94,1
0,-1
8218,0
110,1
4,1
268,0
31,0
6,-1
871,0
144,0
50,-1
123,0
323,0
229,0
7,1
583,0
0,1
5,0
2945,1
2945,1
77,0
7,1
599,0
198,0
7,0
0,-1
1,1
2914,0
1,0
0,0
1034,0
144,0
42,0
7,1
2914,0
0,-1
540,0
65623,0
11897,0
981,1
1,-1
12,-1
0,0
2914,0
16333,0
4,1
604,0
38,0
86,1
465,0
0,0
0,1
8,1
3,1
7,0
772,0
0,0
80,1
8218,0
3,1
102,0
0,0
19,1
2764,0
61,0
2914,0
852,1
0,0
54,-1
0,1
2945,1
2,0
84,-1
232,0
65623,0
589,0
18,1
30665,-1
4090,0
9522,0
599,0
65623,0
0,1
7,1
203,-1
52,1
56,0
0,1
0,1
8218,0
2914,0
6086,1
15,-1
157,1
8,1
0,0
755,1
0,0
1,0
0,1
203,-1
0,0
465,0
323,0
51,1
113,0
0,1
10,0
2765,0
169,1
0,0
0,0
69,0
1,1
4090,0
239,0
465,0
596,0
0,1
8218,0
0,0
42,0
4090,0
203,-1
94,1
39,1
6,0
2842,0
45,0
538,0
1,0
1,-1
144,0
0,0
2765,0
240,0
0,0
144,0
203,-1
4090,0
787,0
3153,-1
3,0
4,1
0,-1
306,-1
2765,0
6929,-1
871,0
29,-1
161,0
2765,0
5,0
381,1
18,1
208,0
55,0
1,-1
196,1
56,0
0,0
0,0
8218,0
21,-1
48,0
0,1
81,1
5975,0
0,0
6929,-1
871,0
15,-1
2914,0
1034,0
132,1
23,0
0,1
969,1
38,1
782,0
2765,0
203,-1
0,-1
61,0
0,-1
0,1
324,0
324,0
8002,0
4090,0
5,0
24,0
2,1
169,1
169,1
176,-1
589,1
21,0
96,1
169,1
229,0
5866,1
0,0
2914,0
2914,0
186,0
8218,0
0,0
2765,0
2765,0
28,-1
61,0
48,1
0,1
77,0
0,-1
0,0
17,0
0,1
315,0
61,0
61,0
5,0
2,0
64,0
31,0
381,0
6,0
194,0
1,0
15,-1
302,0
229,0
38,1
2914,0
86,1
0,1
5,0
252,1
2765,0
85,1
1034,0
697,0
169,1
58415,-1
2765,0
1034,0
21,-1
43,0
145,0
2765,0
145,0
110,1
54,-1
768,0
19,0
65623,0
42,0
1465,0
161,0
94,1
5,-1
283,0
0,0
871,0
134,-1
2765,0
2914,0
55,0
27,0
44,0
852,1
169,1
9,0
871,0
240,0
1444,1
32,0
66,1
250,1
0,0
20,-1
473,1
306,-1
229,0
0,1
2,0
473,0
239,0
4090,0
1034,0
119,0
11,1
9022,1
176,-1
123,0
26,-1
12,0
465,0
66,0
327,1
871,0
65623,0
365,1
81,1
473,1
11898,0
12,1
25,0
65623,0
110,1
239,0
12,1
169,1
1,1
1,0
2765,0
0,0
306,-1
34,1
42,0
324,0
852,1
61,0
697,0
1,-1
690,0
0,0
1,-1
65623,0
169,1
306,-1
1,-1
0,1
0,1
65,1
992,0
134,-1
280,0
94,1
465,0
0,0
2945,1
9,0
0,-1
0,-1
0,1
5,1
53,1
23,0
2945,1
9022,1
10,0
4,1
1286,0
5027,-1
0,0
0,1
461,0
0,0
11969,1
110,1
1034,0
32,0
0,0
4090,0
8218,0
8218,0
0,0
16333,0
2765,0
0,0
2914,0
145,-1
54,-1
871,0
359,-1
2914,0
61,0
604,1
2914,0
65623,0
2765,0
871,0
0,1
465,0
2,0
0,-1
9022,1
969,1
141,0
223,0
134,-1
0,0
1286,0
17,0
0,0
2765,0
1286,0
1478,1
871,0
1060,1
7,1
31,1
2765,0
0,1
65623,0
26,-1
65623,0
145,0
2765,0
0,0
0,-1
6086,1
4036,0
229,0
1712,1
2765,0
2842,0
32,1
0,0
94,1
0,0
223,0
66,1
2914,0
465,0
203,-1
0,0
65623,0
871,0
4090,0
65623,0
473,1
145,0
0,1
0,0
111,0
871,0
61,0
11,1
1,0
583,0
473,1
306,-1
219,0
258,0
17,0
0,1
122,1
0,-1
19,1
0,0
438,1
40,1
6929,-1
45,0
360,0
93,-1
0,0
562,0
0,-1
95,-1
0,0
65623,0
145,0
781,-1
2945,1
17,0
4090,0
1,-1
38,1
0,0
5,0
14,0
26,0
1,0
0,1
94,1
1548,-1
34,1
7,0
18,1
127,-1
0,1
871,0
0,0
1466,0
2766,0
0,0
0,0
0,1
134,-1
12,1
0,1
239,0
1034,0
0,0
1712,1
583,0
473,1
94,1
15,1
12,1
258,0
0,0
0,0
2914,0
42,0
0,1
0,1
176,-1
42,0
355,0
187,0
2914,0
141,0
3,1
19,0
240,0
50,1
1,0
21,0
138,1
690,0
1,-1
22,1
0,0
65623,0
6086,1
285,0
67,1
48,1
2914,0
81,1
48,0
0,0
45,0
11898,0
8218,0
589,0
0,-1
203,-1
2766,0
4090,0
4090,0
0,1
473,1
465,0
153,1
0,-1
15,-1
473,1
65623,0
0,1
2766,0
6930,-1
61,0
6,1
10,-1
852,1
7,0
455,0
4,1
191,1
6930,-1
34,0
599,0
1,0
53,1
39,0
65623,0
167,0
15,0
27,0
2914,0
1302,-1
176,-1
16333,0
2914,0
5,0
8,1
203,-1
45,0
2,1
2914,0
473,1
0,0
42,0
203,-1
62,0
27,0
2914,0
2768,0
203,-1
1,1
2914,0
141,0
1718,0
1,1
949,0
94,1
233,0
6,1
772,0
65623,0
0,0
56,0
10,0
0,-1
38,1
365,1
473,1
141,0
2,0
23,0
23,0
852,1
65623,0
873,0
852,1
949,0
8218,0
2,-1
0,1
0,1
4,1
94,1
0,0
473,1
65623,0
6930,-1
156,0
65623,0
0,0
145,0
12,-1
39,0
64,0
0,-1
1,1
873,0
51,0
48,1
8002,0
8218,0
6086,1
4,0
0,1
0,0
24,0
2914,0
94,1
949,0
306,-1
0,1
306,-1
119,0
61,0
488,0
473,1
0,0
110,1
325,0
258,0
84,-1
538,0
43,1
0,1
0,1
0,0
4,1
2768,0
239,0
1,1
203,-1
1034,0
19,1
1,0
1,1
170,1
65623,0
302,0
232,0
58,0
1,0
110,1
61,0
176,-1
94,1
203,-1
0,1
4090,0
2945,1
8218,0
2,0
203,-1
10,1
10,0
2915,0
0,0
0,0
473,0
94,1
65623,0
176,-1
59,-1
240,0
65623,0
9,0
65623,0
473,1
0,1
54,-1
852,1
187,1
42,0
1,1
65623,0
258,0
2768,0
4,1
1525,0
0,-1
302,0
6930,-1
38,1
3,0
10,0
472,1
3,0
4090,0
65623,0
15,0
0,0
5,-1
96,0
26,-1
86,1
15,-1
17,0
20,-1
2945,1
54,-1
2,0
1,1
2768,0
1,0
21,0
2915,0
381,1
192,0
2915,0
0,0
413,0
4090,0
12,-1
65623,0
0,0
17,-1
26,-1
697,0
25,1
873,0
0,0
697,0
0,0
47,1
1,1
31,0
4,0
65623,0
0,0
0,-1
170,1
53,0
22,1
0,0
94,1
852,1
120,0
103,0
473,1
318,0
258,0
0,1
873,0
1034,0
903,0
42,0
2945,1
203,-1
34,0
10,0
196,1
2769,0
0,0
203,-1
2769,0
53,0
12,-1
0,0
873,0
229,0
203,-1
54,-1
13,1
659,-1
1286,0
65623,0
54,-1
119,0
2915,0
589,1
1,0
4043,0
61,0
24185,1
589,0
15,0
18,1
140,0
18,1
1286,0
0,-1
64,0
1076,1
0,0
2,0
565,1
1,-1
2,0
203,-1
852,1
61,0
6086,1
65623,0
6931,-1
170,1
0,0
127,-1
0,0
65623,0
7,1
6930,-1
21,0
0,0
0,0
20,0
0,1
0,0
1,0
61,0
472,1
781,-1
2915,0
8002,0
14,1
359,-1
39,0
0,0
203,1
11898,0
0,0
61,0
2915,0
31,0
0,0
4090,0
852,1
94,1
11898,0
7,1
65623,0
2,-1
0,0
0,0
66,1
1697,-1
1034,0
2915,0
0,0
2769,0
85,-1
15,-1
7,1
873,0
852,1
4090,0
10,1
61,0
359,-1
94,1
1712,1
65623,0
3,0
0,0
1,1
473,0
2769,0
78,-1
2769,0
61,0
203,-1
37,1
229,0
32,0
170,1
4090,0
0,-1
1,0
0,0
34,1
0,1
0,-1
1,0
3163,1
852,1
65623,0
0,0
465,0
0,0
0,-1
85,-1
381,1
4,0
2769,0
7,1
203,-1
465,0
0,0
0,1
0,0
589,1
144,0
3,1
589,0
25,-1
176,-1
10,1
141,0
6931,-1
23369,-1
306,-1
0,-1
4,0
229,0
60,0
787,0
59,-1
2915,0
0,0
0,1
31,1
2915,0
3,-1
240,0
134,-1
187,0
283,-1
198,0
0,0
1,0
229,0
589,0
604,0
111,1
56,0
65623,0
306,-1
8218,0
0,0
356,-1
0,0
3,0
111,1
0,-1
873,0
197,0
13,-1
68,0
0,-1
0,1
11898,0
1034,0
8002,0
440,-1
94,1
153,1
1,-1
2842,0
697,0
0,1
258,0
0,1
772,0
13,-1
7,0
13,-1
873,0
17,0
65623,0
0,1
2915,0
0,1
0,0
1,1
21,0
233,0
35,0
13,1
145,0
0,0
2945,1
13,-1
465,0
0,1
2769,0
17,0
873,0
0,0
0,1
48,1
51,0
20,0
42,0
264,0
13,1
2769,0
39,0
18,1
3569,0
10,0
0,1
203,-1
302,0
527,0
9022,1
11898,0
356,-1
2,1
0,0
23,-1
782,0
0,1
326,0
0,0
1034,0
14,0
7,0
772,0
2769,0
908,0
54,-1
4589,1
11898,0
181,-1
94,1
1718,0
240,0
0,0
229,0
65623,0
2769,0
2915,0
12,-1
326,0
0,1
32,0
0,-1
0,1
2,0
0,0
1,0
0,-1
7,1
1,0
1286,0
182,0
61,0
16,1
54,-1
203,-1
203,-1
1712,1
2770,0
2945,1
10,0
0,1
873,0
1,-1
11,1
38,0
203,-1
2770,0
1,1
0,-1
65623,0
2770,0
0,1
17,0
153,1
2,0
43,0
809,-1
473,1
65623,0
178,0
755,1
0,0
29,1
465,0
873,0
0,1
11969,1
34,1
5,0
52,0
65623,0
28,-1
2915,0
11,1
54,-1
65623,0
1076,1
2,0
0,-1
54,-1
240,0
94,1
53,1
538,0
1034,0
203,-1
2770,0
1,1
0,0
26,-1
2770,0
65623,0
0,0
39,1
1712,1
2770,0
0,-1
359,-1
2915,0
873,0
538,0
7,0
306,-1
0,-1
5,0
473,1
0,0
12,1
34,0
31,1
61,0
2770,0
1,0
153,1
502,0
0,0
2915,0
7,1
26,-1
19,0
23,0
1,-1
0,1
141,0
0,1
4090,0
0,0
0,0
123,0
183,0
3,1
53,1
1076,1
6931,-1
326,0
1,-1
0,0
2915,0
31,1
54,-1
2770,0
13,1
1,-1
2,0
0,-1
17,-1
65623,0
18,0
84,-1
2,0
203,-1
18,1
2770,0
285,0
2915,0
39,0
1,1
852,1
208,0
65623,0
376,1
6931,-1
65623,0
176,-1
359,-1
0,0
0,1
0,0
15,-1
104,-1
203,-1
10,-1
2770,0
111,1
84,-1
0,1
0,-1
52,0
0,-1
1,0
65623,0
0,0
65623,0
1,1
6931,-1
190,0
134,-1
3,0
326,0
1,1
873,0
122,1
1,0
9022,1
0,0
2,0
690,0
1034,0
852,1
0,0
0,1
37,-1
5,0
1,0
0,-1
873,0
7,1
203,-1
64,0
0,-1
4090,0
0,0
119,0
32,0
1,0
65623,0
60,0
65623,0
94,1
179,0
9022,1
1034,0
13,-1
94,1
54,-1
39,0
257,0
2915,0
5,0
0,0
61,0
16333,0
1712,1
1009,1
32,0
472,1
0,0
240,0
0,0
8219,0
28,-1
2770,0
94,1
12,-1
3,1
2494,0
8764,0
0,0
203,-1
61,0
4090,0
233,0
93,-1
20,1
473,1
16333,0
24,0
0,0
3,0
84,-1
0,-1
0,0
40,0
186288,1
782,0
302,0
12,1
65623,0
992,0
94,1
0,1
2915,0
0,0
65623,0
6086,1
6086,1
83,1
318,0
65623,0
59,-1
203,-1
381,0
2915,0
0,1
233,0
27,0
326,0
4090,0
65623,0
61,0
12,-1
992,0
306,-1
138,1
326,0
39,0
95,-1
58415,-1
20,-1
15,0
16333,0
0,0
186288,1
2770,0
0,1
142,0
0,1
318,0
84,-1
0,1
355,0
466,0
34,0
4090,0
659,-1
1712,1
359,-1
466,0
314,0
208,0
2,0
0,0
365,1
0,0
2770,0
82,1
17,-1
54,-1
2915,0
8219,0
690,0
2770,0
873,0
34,0
873,0
38,1
40,-1
54,-1
64,0
0,1
0,0
32,0
266,0
27,0
8002,0
0,0
1,-1
257,0
31,0
0,0
474,1
1076,1
0,1
326,0
39,0
2842,0
29,1
232,1
5,1
853,1
65623,0
992,0
179,0
13,-1
170,1
59,-1
1034,0
0,0
589,0
5,1
2770,0
4090,0
65623,0
187,1
65623,0
2770,0
65623,0
229,0
0,-1
9,1
314,0
127,-1
0,-1
3569,0
0,1
5,-1
11898,0
94,1
5,0
170,1
170,1
59,-1
187,0
0,1
54,-1
264,0
0,0
0,1
873,0
99,-1
1,1
0,-1
6,0
69,1
2915,0
0,0
54,-1
203,-1
23,0
949,0
17,0
873,0
94,-1
14,-1
0,-1
233,0
2770,0
94,1
176,-1
4090,0
820,1
383,1
8219,0
604,1
1,1
65623,0
589,1
1,0
2915,0
604,0
2915,0
39,0
5975,0
466,0
12624,0
123,0
1034,0
787,0
318,0
21,-1
54,-1
4,0
39,1
65623,0
2770,0
0,0
1286,0
4090,0
413,0
203,-1
2915,0
153,1
1466,0
0,1
306,-1
0,0
54,-1
2915,0
355,0
1,0
12,1
0,0
1,0
326,0
0,0
1034,0
1,0
322,-1
0,-1
1,-1
20,1
0,0
0,0
472,1
13,1
1,0
8,0
2595,1
196,1
853,1
12,1
94,1
187,0
134,-1
2770,0
34,0
104,-1
457,0
8219,0
2770,0
1034,0
8,1
20,1
48,0
65623,0
176,-1
0,0
0,0
474,1
0,1
65623,0
39,1
111,1
203,-1
32,0
111,1
2945,1
3,0
49,0
65623,0
3,1
170,1
0,1
2770,0
44,-1
11969,1
2,1
203,-1
690,0
1,-1
6086,1
203,-1
28,0
11898,0
2842,0
2915,0
359,-1
0,-1
160,-1
86,1
141,0
306,-1
22,1
0,-1
94,1
8002,0
0,0
873,0
53,0
179,0
2915,0
0,1
8,1
203,-1
466,0
0,0
8219,0
3,0
5,0
957,0
4,0
119,0
981,1
0,1
1,1
23,1
0,0
306,-1
2770,0
111,1
2945,1
54,-1
64,0
54,-1
65623,0
8,0
1697,-1
306,-1
690,0
466,0
10,1
176,-1
873,0
0,0
2,1
0,0
1,0
0,0
0,0
134,-1
2,0
21,-1
229,0
0,1
53,1
45,0
0,-1
0,-1
153,1
0,1
0,1
6931,-1
0,1
123,0
233,0
300,1
15,0
170,1
690,0
2,0
39,1
18,1
141,0
5975,0
153,1
1035,0
0,0
474,1
53,1
6,1
240,0
18,0
13,-1
39,1
0,0
111,1
192,0
203,-1
61,0
992,1
0,0
326,0
219,0
0,0
176,-1
0,1
100,0
0,0
466,0
11,1
4090,0
0,0
462,1
2945,1
20,1
108,1
0,1
203,-1
13189,0
1712,1
4090,0
15,0
2915,0
8219,0
0,0
2770,0
0,0
58415,-1
203,-1
0,0
782,0
65623,0
2770,0
17,-1
32,0
6931,-1
16,0
88,0
0,1
2915,0
326,0
32,0
36,1
26,-1
203,-1
65623,0
0,0
0,0
3153,-1
48,0
10,0
190,0
359,-1
0,1
1286,0
365,1
0,1
0,1
0,0
4,0
1035,0
0,0
969,1
31,0
233,0
69,1
25,-1
0,0
0,0
1308,0
2770,0
170,1
3,0
128,0
2915,0
3569,0
100,0
203,-1
473,0
5,1
192,0
415,-1
94,1
48,1
65623,0
8764,0
46,0
176,-1
111,1
2,0
854,1
25,-1
2770,0
0,1
18,0
0,1
257,0
146,0
772,0
4,0
203,-1
4090,0
306,-1
285,0
0,0
93,-1
37,1
5,0
0,0
1,0
176,-1
39,0
29,1
873,0
6931,-1
1,1
0,0
589,1
203,-1
11898,0
0,0
341,0
0,0
473,0
7,1
2915,0
1035,0
145,0
6931,-1
10,1
187,0
355,0
2770,0
1,1
41,1
306,-1
0,0
873,0
0,0
20,1
2,0
590,0
11898,0
119,0
1035,0
0,-1
873,0
0,0
466,0
4662,1
2915,0
0,0
2915,0
15,1
474,1
590,0
697,0
0,0
0,0
0,0
94,1
2770,0
2770,0
0,1
0,-1
0,1
171,1
31,0
0,1
1035,0
203,-1
0,0
855,1
12,1
62,0
62,0
62,0
62,0
62,0
2,1
10,1
0,1
4381,0
54,-1
197,0
0,-1
306,-1
466,0
0,1
511,1
466,0
38,0
134,-1
2945,1
0,0
590,0
65623,0
413,0
14,0
1035,0
0,0
2770,0
2915,0
401,0
0,0
11898,0
4,1
233,0
1,0
94,1
26,-1
2770,0
2915,0
0,0
2770,0
873,0
345,1
0,0
590,0
65623,0
13,1
855,1
1,1
203,-1
229,0
1057,0
306,-1
0,1
949,0
176,-1
65623,0
326,0
4,0
2,-1
65623,0
365,1
65623,0
2770,0
240,0
1,0
190,0
873,0
0,1
472,1
38,1
111,1
65623,0
25,-1
949,0
10,-1
134,-1
203,-1
11,1
20,1
466,0
326,0
48,0
2770,0
53,1
2915,0
318,0
3,1
0,0
0,1
306,-1
2915,0
2915,0
0,0
9523,0
6,0
4090,0
62,0
31,0
62,0
62,0
62,0
62,0
62,0
62,0
62,0
285,0
62,0
9,1
4090,0
1035,0
1035,0
1076,1
257,0
474,1
0,0
873,0
359,-1
2915,0
229,0
229,0
4,0
360,0
0,-1
0,0
527,0
174,0
0,-1
8,0
334,1
0,-1
873,0
9022,1
81,1
61,0
0,0
127,-1
1,0
1,0
314,0
5,0
355,0
2770,0
2,-1
62,0
62,0
62,0
0,1
4090,0
20,-1
0,0
181,-1
81,1
179,0
62,0
62,0
62,0
62,0
62,0
240,0
59,-1
62,0
62,0
2770,0
67,1
62,0
62,0
62,0
62,0
62,0
62,0
873,0
0,0
62,0
0,0
13,0
1035,0
474,1
1,0
9022,1
2,0
0,0
8002,0
1,0
6931,-1
359,-1
0,0
2,0
31,1
6931,-1
65623,0
13,-1
873,0
27,1
62,0
81,1
12,1
20,0
45,0
171,1
20,1
0,0
61,0
2915,0
23,1
0,0
2770,0
723,-1
6931,-1
590,0
59,-1
17,-1
29,0
466,0
0,0
908,0
920,-1
67,1
2915,0
0,1
0,1
474,1
3153,-1
4090,0
16333,0
0,1
2770,0
10,1
34,1
94,1
0,1
0,0
4090,0
3,1
11898,0
0,-1
122,1
2915,0
164,0
11898,0
0,0
38,1
11898,0
8219,0
199,0
6931,-1
39,1
134,-1
0,1
0,0
43,0
15,0
0,0
240,0
2842,0
2842,0
0,1
3364,1
0,1
64,0
48,0
6931,-1
0,-1
10,0
21,1
381,1
0,0
285,0
355,0
4090,0
538,0
34,1
203,-1
94,1
0,0
171,1
2915,0
0,0
229,0
203,-1
53,1
32,0
8219,0
14,0
38,0
2770,0
590,0
873,0
690,0
0,0
0,1
229,0
0,-1
0,0
141,0
855,1
359,-1
233,0
0,1
326,0
1286,0
111,1
19,0
0,1
969,1
6931,-1
1,0
5975,0
5,0
0,0
20,0
355,0
203,-1
0,1
0,0
53,1
474,1
992,0
145,-1
84,-1
181,1
8,0
65623,0
9022,1
203,-1
12,0
1444,1
171,1
0,1
13189,0
466,0
0,0
36,0
0,0
240,0
18,1
8219,0
474,1
138,1
285,0
457,0
171,1
39,1
2,1
5,0
53,0
413,0
5,1
233,0
14,0
359,-1
1,0
326,0
14,0
3,0
36,1
229,0
9022,1
2916,0
0,0
16333,0
2,0
589,1
0,0
171,1
2,-1
2,0
139,-1
5975,0
10,1
0,1
196,1
326,0
19,0
0,0
5,1
233,0
706,0
0,0
326,0
229,0
32,0
4090,0
0,0
9523,0
8219,0
203,-1
0,1
4894,1
2139,0
1712,1
94,1
2945,1
589,1
0,1
0,0
0,0
257,0
1,1
0,-1
496,0
2945,1
4090,0
233,0
949,0
111,1
0,0
873,0
154,1
16333,0
127,-1
84,-1
229,0
7,0
306,-1
240,0
93,0
208,0
28,0
0,0
192,0
6931,-1
115,1
461,0
12,1
473,0
138,1
116,1
62,0
0,0
15,0
873,0
203,-1
65624,0
111,1
0,-1
0,0
65624,0
72,0
38,0
1,-1
240,0
974,1
873,0
0,1
4090,0
1,1
65624,0
285,0
0,0
65624,0
39,1
285,0
13,-1
13,-1
203,-1
2917,0
1037,0
690,0
576,0
2945,1
65624,0
8219,0
64,0
359,-1
32,0
69,0
29,0
403,0
0,0
20,1
0,0
473,0
8219,0
326,0
306,-1
5027,-1
16333,0
2917,0
65624,0
992,0
73,0
0,0
31,0
0,0
16333,0
0,0
9523,0
20,0
413,0
37,1
0,0
131,0
538,0
772,0
0,0
2,0
5,0
493,0
306,-1
0,-1
11,0
969,1
1712,1
690,0
466,0
0,0
4091,0
0,0
141,0
8219,0
413,0
474,1
365,1
0,0
856,1
0,0
0,0
2917,0
0,0
0,1
2770,0
0,0
203,-1
0,0
873,0
0,0
0,0
0,0
0,0
0,0
0,0
0,1
0,0
0,0
0,-1
359,-1
0,0
697,0
15,0
2770,0
4091,0
0,0
690,0
11,1
1,0
0,0
0,1
0,0
65624,0
904,1
446,0
0,0
0,1
0,0
0,0
2770,0
2945,1
359,-1
203,-1
0,0
0,1
0,0
47,1
0,0
16333,0
814,0
10,0
0,0
134,-1
1,1
38,0
34,0
233,0
5975,0
6,0
0,0
34,1
6931,-1
9,0
94,1
173,0
2,1
8219,0
0,0
856,1
472,1
0,0
0,1
690,0
1712,1
212,0
0,0
0,1
1329,1
285,0
2917,0
25,-1
80,1
2770,0
0,-1
1302,-1
10,0
992,0
163,-1
65624,0
32,0
257,0
2917,0
8219,0
179,0
10,-1
18,1
143,0
2770,0
0,0
418,0
0,0
8219,0
3,-1
203,-1
141,0
171,1
193,0
873,0
0,0
0,0
0,-1
2917,0
0,-1
176,-1
190,0
186288,1
161,0
8219,0
2917,0
1697,-1
381,1
0,0
0,0
20,1
19,0
326,0
203,-1
1,1
0,0
61,0
1038,0
5975,0
1,-1
511,1
95,-1
141,0
138,1
65624,0
1,-1
8219,0
12,-1
145,-1
474,1
4091,0
2917,0
270,0
0,0
48,0
11,1
283,0
1,0
13,-1
36,0
68,0
3,0
413,0
2945,1
772,0
0,-1
1,0
94,1
18,0
34,0
0,0
9523,0
1,1
203,-1
536,-1
0,0
1,1
6931,-1
2917,0
0,0
22,1
171,1
2,-1
0,1
56,0
949,0
0,0
2770,0
29,0
1,0
0,0
1,0
857,1
0,0
326,0
10,0
182,0
65625,0
1,0
0,-1
2945,1
535,0
174,0
0,1
697,0
2770,0
0,0
176,-1
11969,1
1038,0
30665,-1
649,0
40,1
0,-1
0,0
6086,1
538,0
8002,0
16,0
203,-1
3,-1
2945,1
4091,0
359,-1
590,0
0,0
0,0
0,0
6931,-1
94,1
0,0
17,0
0,0
314,0
18,1
65625,0
58415,-1
110,1
17,-1
20,1
873,0
65625,0
6086,1
4091,0
2770,0
4,0
0,-1
5963,-1
4091,0
590,0
1,0
1,1
981,1
6,0
8002,0
2917,0
42762,0
0,0
161,0
0,0
13,-1
0,1
3,-1
65625,0
146,-1
775,0
856,1
0,-1
240,0
0,1
1038,0
0,-1
306,-1
857,1
12,0
65625,0
1712,1
31,0
0,0
111,1
0,0
0,0
36,0
203,-1
257,0
1718,0
0,0
565,1
257,0
2945,1
65625,0
0,0
6931,-1
53,1
857,1
3,0
0,1
11899,0
229,0
190,0
591,0
6931,-1
0,-1
3243,0
2770,0
16333,0
240,0
0,0
0,-1
590,1
0,1
908,0
474,1
355,0
2917,0
3,-1
134,-1
969,1
0,1
1,0
25,0
8764,0
176,-1
203,-1
16,1
285,0
111,1
77,0
65625,0
0,0
30,0
13189,0
17,0
755,1
0,1
1286,0
167,0
326,0
1286,0
2770,0
0,0
0,-1
38,0
5680,1
191,0
3,1
53,1
38,0
0,0
8219,0
18,1
60,0
147,0
9599,-1
7,-1
0,0
381,0
1115,-1
59,-1
359,-1
418,0
4,0
2945,1
2917,0
466,0
3,0
326,0
474,1
72,0
4,-1
590,1
2917,0
19,-1
155,1
1009,1
32,0
171,1
50,-1
474,1
969,1
2,1
9599,-1
0,1
873,0
208,0
8003,0
203,-1
16333,0
48,0
474,1
4091,0
113,0
2917,0
48,0
2770,0
25,-1
127,-1
61,-1
0,1
1,0
1923,0
6931,-1
34,0
474,1
1,1
10,0
111,1
0,0
306,-1
51,0
154,1
474,1
17,0
64,0
154,1
0,1
4091,0
53,1
306,-1
65625,0
1,0
9,-1
29,1
466,0
365,1
0,0
0,1
38,1
34,0
772,0
0,1
697,0
4091,0
3,0
0,1
0,1
0,-1
48,1
6931,-1
306,-1
2770,0
26,-1
203,-1
141,0
390,1
0,0
2917,0
59,-1
4091,0
3,0
0,1
3,0
2770,0
4,1
179,0
6931,-1
873,0
0,-1
466,0
5,-1
128,1
0,0
56,0
857,1
203,-1
26,-1
9523,0
466,0
538,0
0,0
8219,0
229,0
4091,0
306,-1
2770,0
1,0
16333,0
2945,1
1712,1
0,0
0,0
128,1
203,-1
0,1
64,0
0,1
1,0
212,0
3,0
2770,0
0,1
355,0
12,0
17,0
0,0
0,0
690,0
7,-1
5,0
18,1
473,0
2917,0
233,0
115,0
0,0
203,-1
5975,0
59,-1
473,0
123,0
2917,0
0,0
8219,0
163,-1
1712,1
59,-1
113,0
1,1
3388,1
1,0
697,0
25,1
2,0
2917,0
10,-1
2917,0
0,1
0,1
64,0
198,0
53,1
4091,0
1,0
31,0
71,0
0,0
0,-1
474,1
0,1
11,0
359,-1
2917,0
111,1
141,0
64,0
141,0
1039,0
111,1
65625,0
2770,0
34,0
0,1
103,0
697,0
81,0
2770,0
11899,0
8219,0
0,1
2011,1
0,0
101,0
11,1
11899,0
154,1
240,0
8003,0
8003,0
604,0
266,0
0,1
64,0
2945,1
9,0
203,-1
2771,0
466,0
6086,1
11,0
591,0
65625,0
5975,0
270,0
196,1
359,-1
4,0
0,1
6931,-1
16333,0
4,1
0,1
0,-1
94,1
38,1
873,0
772,0
164,0
0,1
34,1
280,0
8003,0
1466,0
31,1
0,0
233,0
203,-1
0,1
690,0
590,1
0,0
1,1
203,-1
133,-1
1039,0
233,0
18,1
18,0
2771,0
44,1
466,0
0,0
6931,-1
0,1
0,1
2771,0
1039,0
53,1
2945,1
8219,0
73,0
2771,0
3,0
326,0
590,1
4091,0
0,-1
21,-1
873,0
203,-1
34,0
0,0
4091,0
739,0
2771,0
13,-1
2771,0
2771,0
59,-1
992,0
240,0
65625,0
4,1
0,1
44,1
183,0
0,-1
65625,0
25,0
0,0
1,0
240,0
2771,0
1002,0
1286,0
6931,-1
381,1
0,0
187,0
257,0
48,0
1039,0
306,-1
326,0
4,1
0,-1
583,0
53,1
135,0
672,-1
171,1
306,-1
77,0
120,-1
1309,0
0,0
2917,0
11899,0
599,0
203,-1
233,0
203,-1
2945,1
345,1
13189,0
0,0
4091,0
14440,0
6086,1
2917,0
326,0
0,0
0,1
14,0
233,0
94,1
473,1
4091,0
5,0
0,1
4,0
94,1
257,0
359,-1
13,1
65625,0
0,0
0,0
0,0
208,0
365,1
306,-1
1444,1
3,0
187,0
10,-1
2772,0
13,-1
203,-1
0,0
9523,0
632,1
0,0
8219,0
65625,0
285,0
6026,0
82,1
81,1
94,1
203,-1
103,0
2,1
81,1
2917,0
2772,0
1,1
0,1
4662,1
0,-1
6931,-1
328,1
2,-1
2917,0
0,0
72,0
0,-1
15,0
2772,0
0,0
2772,0
53,0
1,1
0,-1
0,0
161,0
6931,-1
25,-1
8219,0
4091,0
0,1
119,0
5680,1
2,0
233,0
8003,0
55,1
873,0
0,-1
2842,0
0,1
64,-1
21,-1
9523,0
992,0
2917,0
466,0
2945,1
697,0
690,0
0,0
59,-1
42,-1
1,0
0,0
96,0
2772,0
67,-1
0,-1
9523,0
94,1
2,0
8219,0
2917,0
0,-1
38,0
13,1
0,1
0,0
326,0
141,0
11,1
6,1
11899,0
2772,0
1712,1
18,0
359,-1
0,0
1,0
2772,0
2917,0
31,0
2,-1
19019,1
1,1
359,-1
44,-1
0,0
1,1
1718,0
19,0
2772,0
1039,0
857,1
2772,0
857,1
0,-1
1039,0
590,1
306,-1
474,0
6931,-1
787,0
0,0
203,-1
474,1
1,-1
0,1
184,0
31,0
0,0
203,-1
873,0
0,0
690,0
1402,1
1444,1
13189,0
0,0
15,0
9523,0
739,0
1039,0
240,0
16333,0
0,-1
2,0
2842,0
203,-1
0,0
5,1
0,-1
2,0
16333,0
154,1
5975,0
228,1
381,1
